date,price
19/7/2010,0.08
20/7/2010,0.08
21/7/2010,0.07
22/7/2010,0.08
23/7/2010,0.05
24/7/2010,0.05
25/7/2010,0.05
26/7/2010,0.05
27/7/2010,0.06
28/7/2010,0.06
29/7/2010,0.06
30/7/2010,0.07
31/7/2010,0.07
1/8/2010,0.06
2/8/2010,0.06
3/8/2010,0.06
4/8/2010,0.06
5/8/2010,0.06
6/8/2010,0.06
7/8/2010,0.06
8/8/2010,0.06
9/8/2010,0.06
10/8/2010,0.07
11/8/2010,0.07
12/8/2010,0.07
13/8/2010,0.07
14/8/2010,0.07
15/8/2010,0.07
16/8/2010,0.07
17/8/2010,0.07
18/8/2010,0.07
19/8/2010,0.07
20/8/2010,0.07
21/8/2010,0.07
22/8/2010,0.07
23/8/2010,0.07
24/8/2010,0.06
25/8/2010,0.07
26/8/2010,0.06
27/8/2010,0.06
28/8/2010,0.06
29/8/2010,0.06
30/8/2010,0.06
31/8/2010,0.06
1/9/2010,0.06
2/9/2010,0.06
3/9/2010,0.06
4/9/2010,0.06
5/9/2010,0.06
6/9/2010,0.06
7/9/2010,0.06
8/9/2010,0.06
9/9/2010,0.06
10/9/2010,0.06
11/9/2010,0.06
12/9/2010,0.06
13/9/2010,0.06
14/9/2010,0.06
15/9/2010,0.06
16/9/2010,0.06
17/9/2010,0.06
18/9/2010,0.06
19/9/2010,0.06
20/9/2010,0.06
21/9/2010,0.06
22/9/2010,0.06
23/9/2010,0.06
24/9/2010,0.06
25/9/2010,0.06
26/9/2010,0.06
27/9/2010,0.06
28/9/2010,0.06
29/9/2010,0.06
30/9/2010,0.06
1/10/2010,0.06
2/10/2010,0.06
3/10/2010,0.06
4/10/2010,0.06
5/10/2010,0.06
6/10/2010,0.06
7/10/2010,0.06
8/10/2010,0.07
9/10/2010,0.07
10/10/2010,0.07
11/10/2010,0.1
12/10/2010,0.1
13/10/2010,0.09
14/10/2010,0.11
15/10/2010,0.1
16/10/2010,0.1
17/10/2010,0.1
18/10/2010,0.1
19/10/2010,0.1
20/10/2010,0.1
21/10/2010,0.1
22/10/2010,0.11
23/10/2010,0.11
24/10/2010,0.11
25/10/2010,0.12
26/10/2010,0.13
27/10/2010,0.15
28/10/2010,0.19
29/10/2010,0.17
30/10/2010,0.17
31/10/2010,0.18
1/11/2010,0.19
2/11/2010,0.2
3/11/2010,0.19
4/11/2010,0.19
5/11/2010,0.23
6/11/2010,0.23
7/11/2010,0.23
8/11/2010,0.34
9/11/2010,0.24
10/11/2010,0.21
11/11/2010,0.24
12/11/2010,0.22
13/11/2010,0.22
14/11/2010,0.22
15/11/2010,0.28
16/11/2010,0.27
17/11/2010,0.22
18/11/2010,0.23
19/11/2010,0.27
20/11/2010,0.27
21/11/2010,0.27
22/11/2010,0.28
23/11/2010,0.29
24/11/2010,0.28
25/11/2010,0.28
26/11/2010,0.28
27/11/2010,0.28
28/11/2010,0.28
29/11/2010,0.27
30/11/2010,0.23
1/12/2010,0.21
2/12/2010,0.23
3/12/2010,0.26
4/12/2010,0.26
5/12/2010,0.26
6/12/2010,0.19
7/12/2010,0.2
8/12/2010,0.23
9/12/2010,0.24
10/12/2010,0.2
11/12/2010,0.21
12/12/2010,0.21
13/12/2010,0.22
14/12/2010,0.23
15/12/2010,0.25
16/12/2010,0.24
17/12/2010,0.25
18/12/2010,0.25
19/12/2010,0.25
20/12/2010,0.24
21/12/2010,0.27
22/12/2010,0.24
23/12/2010,0.25
24/12/2010,0.25
25/12/2010,0.25
26/12/2010,0.25
27/12/2010,0.27
28/12/2010,0.27
29/12/2010,0.28
30/12/2010,0.3
31/12/2010,0.3
1/1/2011,0.3
2/1/2011,0.3
3/1/2011,0.3
4/1/2011,0.3
5/1/2011,0.3
6/1/2011,0.3
7/1/2011,0.3
8/1/2011,0.3
9/1/2011,0.3
10/1/2011,0.32
11/1/2011,0.33
12/1/2011,0.33
13/1/2011,0.32
14/1/2011,0.32
15/1/2011,0.32
16/1/2011,0.32
17/1/2011,0.39
18/1/2011,0.35
19/1/2011,0.31
20/1/2011,0.31
21/1/2011,0.39
22/1/2011,0.4
23/1/2011,0.4
24/1/2011,0.44
25/1/2011,0.42
26/1/2011,0.41
27/1/2011,0.42
28/1/2011,0.42
29/1/2011,0.44
30/1/2011,0.44
31/1/2011,0.48
1/2/2011,0.52
2/2/2011,0.7
3/2/2011,0.72
4/2/2011,0.69
5/2/2011,0.75
6/2/2011,0.8
7/2/2011,0.9
8/2/2011,0.89
9/2/2011,0.92
10/2/2011,1.09
11/2/2011,0.98
12/2/2011,1
13/2/2011,1
14/2/2011,1.05
15/2/2011,1.07
16/2/2011,1.05
17/2/2011,1.05
18/2/2011,1.04
19/2/2011,1
20/2/2011,0.9
21/2/2011,0.85
22/2/2011,0.83
23/2/2011,0.87
24/2/2011,0.9
25/2/2011,1
26/2/2011,0.95
27/2/2011,0.92
28/2/2011,0.89
1/3/2011,0.86
2/3/2011,0.92
3/3/2011,0.94
4/3/2011,0.94
5/3/2011,0.92
6/3/2011,0.91
7/3/2011,0.9
8/3/2011,0.89
9/3/2011,0.87
10/3/2011,0.86
11/3/2011,0.93
12/3/2011,0.92
13/3/2011,0.9
14/3/2011,0.89
15/3/2011,0.89
16/3/2011,0.87
17/3/2011,0.86
18/3/2011,0.83
19/3/2011,0.8
20/3/2011,0.76
21/3/2011,0.74
22/3/2011,0.76
23/3/2011,0.81
24/3/2011,0.85
25/3/2011,0.87
26/3/2011,0.86
27/3/2011,0.84
28/3/2011,0.82
29/3/2011,0.8
30/3/2011,0.79
31/3/2011,0.79
1/4/2011,0.78
2/4/2011,0.78
3/4/2011,0.78
4/4/2011,0.78
5/4/2011,0.68
6/4/2011,0.71
7/4/2011,0.74
8/4/2011,0.75
9/4/2011,0.75
10/4/2011,0.74
11/4/2011,0.74
12/4/2011,0.77
13/4/2011,0.86
14/4/2011,0.92
15/4/2011,1
16/4/2011,1.05
17/4/2011,1.08
18/4/2011,1.11
19/4/2011,1.16
20/4/2011,1.2
21/4/2011,1.14
22/4/2011,1.21
23/4/2011,1.35
24/4/2011,1.45
25/4/2011,1.63
26/4/2011,1.56
27/4/2011,1.79
28/4/2011,1.9
29/4/2011,2.21
30/4/2011,2.5
1/5/2011,2.8
2/5/2011,3.03
3/5/2011,3.2
4/5/2011,3.41
5/5/2011,3.41
6/5/2011,3.33
7/5/2011,3.5
8/5/2011,3.7
9/5/2011,3.87
10/5/2011,3.8
11/5/2011,5.81
12/5/2011,5.5
13/5/2011,6.3
14/5/2011,6.5
15/5/2011,6.75
16/5/2011,6.99
17/5/2011,8.03
18/5/2011,7.19
19/5/2011,6.88
20/5/2011,6.81
21/5/2011,6.75
22/5/2011,6.7
23/5/2011,6.69
24/5/2011,7.15
25/5/2011,7.42
26/5/2011,8.4
27/5/2011,8.8
28/5/2011,8.65
29/5/2011,8.5
30/5/2011,8.43
31/5/2011,8.8
1/6/2011,8.74
2/6/2011,9.57
3/6/2011,10.6
4/6/2011,13.5
5/6/2011,15.2
6/6/2011,16.7
7/6/2011,18.55
8/6/2011,23.92
9/6/2011,29.6
10/6/2011,28.92
11/6/2011,25
12/6/2011,22
13/6/2011,18.55
14/6/2011,19.84
15/6/2011,19.28
16/6/2011,19.49
17/6/2011,17
18/6/2011,13.22
19/6/2011,13
20/6/2011,11
21/6/2011,12.5
22/6/2011,13.8
23/6/2011,14.5
24/6/2011,15.2
25/6/2011,15.5
26/6/2011,15.9
27/6/2011,16.45
28/6/2011,16.75
29/6/2011,16.95
30/6/2011,16.85
1/7/2011,16.1
2/7/2011,15.8
3/7/2011,15.6
4/7/2011,15.44
5/7/2011,13.86
6/7/2011,12.91
7/7/2011,14.78
8/7/2011,14.78
9/7/2011,14.85
10/7/2011,14.88
11/7/2011,14.9
12/7/2011,14.21
13/7/2011,14.01
14/7/2011,13.95
15/7/2011,13.99
16/7/2011,13.5
17/7/2011,13.2
18/7/2011,13.16
19/7/2011,13.48
20/7/2011,13.85
21/7/2011,13.69
22/7/2011,13.61
23/7/2011,13.7
24/7/2011,13.85
25/7/2011,13.98
26/7/2011,14.05
27/7/2011,13.88
28/7/2011,13.94
29/7/2011,13.49
30/7/2011,13.4
31/7/2011,13.4
1/8/2011,13.35
2/8/2011,13.1
3/8/2011,12.05
4/8/2011,9.26
5/8/2011,10.75
6/8/2011,9.5
7/8/2011,8.5
8/8/2011,7.9
9/8/2011,7.8
10/8/2011,9.99
11/8/2011,9.98
12/8/2011,9.46
13/8/2011,9.8
14/8/2011,10.2
15/8/2011,10.8
16/8/2011,11.15
17/8/2011,10.96
18/8/2011,10.95
19/8/2011,10.83
20/8/2011,11
21/8/2011,11.15
22/8/2011,11.31
23/8/2011,10.9
24/8/2011,10.94
25/8/2011,10.85
26/8/2011,9.66
27/8/2011,9.3
28/8/2011,9.15
29/8/2011,9.07
30/8/2011,8.97
31/8/2011,8.79
1/9/2011,8.2
2/9/2011,8.21
3/9/2011,8.2
4/9/2011,8.18
5/9/2011,8.18
6/9/2011,7.61
7/9/2011,6.86
8/9/2011,7.19
9/9/2011,6.53
10/9/2011,6.3
11/9/2011,6.1
12/9/2011,5.86
13/9/2011,6.08
14/9/2011,5.8
15/9/2011,5.62
16/9/2011,4.84
17/9/2011,5
18/9/2011,5.1
19/9/2011,5.2
20/9/2011,5.46
21/9/2011,6.11
22/9/2011,5.61
23/9/2011,5.43
24/9/2011,5.4
25/9/2011,5.35
26/9/2011,5.33
27/9/2011,4.87
28/9/2011,4.92
29/9/2011,4.77
30/9/2011,4.78
1/10/2011,4.85
2/10/2011,4.9
3/10/2011,5.03
4/10/2011,5.02
5/10/2011,4.96
6/10/2011,4.87
7/10/2011,4.73
8/10/2011,4.5
9/10/2011,4.3
10/10/2011,4.1
11/10/2011,4.1
12/10/2011,3.93
13/10/2011,4.15
14/10/2011,4.05
15/10/2011,3.9
16/10/2011,3.75
17/10/2011,3.56
18/10/2011,2.56
19/10/2011,2.42
20/10/2011,2.27
21/10/2011,2.35
22/10/2011,2.5
23/10/2011,2.8
24/10/2011,3.17
25/10/2011,2.55
26/10/2011,2.77
27/10/2011,2.77
28/10/2011,3.04
29/10/2011,3.1
30/10/2011,3.2
31/10/2011,3.27
1/11/2011,3.25
2/11/2011,3.15
3/11/2011,3.25
4/11/2011,3.15
5/11/2011,3.1
6/11/2011,3
7/11/2011,2.96
8/11/2011,3.01
9/11/2011,3.04
10/11/2011,2.95
11/11/2011,2.84
12/11/2011,2.9
13/11/2011,2.95
14/11/2011,3
15/11/2011,2.22
16/11/2011,2.33
17/11/2011,2.56
18/11/2011,2.25
19/11/2011,2.2
20/11/2011,2.2
21/11/2011,2.2
22/11/2011,2.29
23/11/2011,2.33
24/11/2011,2.33
25/11/2011,2.43
26/11/2011,2.45
27/11/2011,2.46
28/11/2011,2.48
29/11/2011,2.55
30/11/2011,2.75
1/12/2011,2.97
2/12/2011,3.06
3/12/2011,3
4/12/2011,2.9
5/12/2011,2.83
6/12/2011,2.88
7/12/2011,3.03
8/12/2011,2.99
9/12/2011,2.98
10/12/2011,3.05
11/12/2011,3.15
12/12/2011,3.25
13/12/2011,3.14
14/12/2011,3.25
15/12/2011,3.15
16/12/2011,3.2
17/12/2011,3.2
18/12/2011,3.2
19/12/2011,3.19
20/12/2011,3.52
21/12/2011,3.95
22/12/2011,3.89
23/12/2011,3.89
24/12/2011,4
25/12/2011,4.1
26/12/2011,4.23
27/12/2011,4.02
28/12/2011,4.07
29/12/2011,4.19
30/12/2011,4.17
31/12/2011,4.5
1/1/2012,5
2/1/2012,5.27
3/1/2012,5.22
4/1/2012,4.88
5/1/2012,5.57
6/1/2012,6.95
7/1/2012,7
8/1/2012,7.05
9/1/2012,7.11
10/1/2012,6.33
11/1/2012,6.36
12/1/2012,6.9
13/1/2012,6.8
14/1/2012,6.9
15/1/2012,6.95
16/1/2012,7
17/1/2012,6.68
18/1/2012,5.6
19/1/2012,5.92
20/1/2012,6.36
21/1/2012,6.33
22/1/2012,6.32
23/1/2012,6.31
24/1/2012,6.36
25/1/2012,6.29
26/1/2012,5.75
27/1/2012,5.34
28/1/2012,5.35
29/1/2012,5.36
30/1/2012,5.38
31/1/2012,5.49
1/2/2012,5.48
2/2/2012,6.08
3/2/2012,6.1
4/2/2012,6
5/2/2012,5.9
6/2/2012,5.69
7/2/2012,5.45
8/2/2012,5.69
9/2/2012,5.6
10/2/2012,5.83
11/2/2012,5.75
12/2/2012,5.65
13/2/2012,5.51
14/2/2012,5.26
15/2/2012,4.46
16/2/2012,4.33
17/2/2012,4.27
18/2/2012,4.3
19/2/2012,4.5
20/2/2012,4.39
21/2/2012,4.36
22/2/2012,4.27
23/2/2012,4.42
24/2/2012,5.02
25/2/2012,5
26/2/2012,4.95
27/2/2012,4.92
28/2/2012,4.96
29/2/2012,4.87
1/3/2012,4.86
2/3/2012,4.92
3/3/2012,4.9
4/3/2012,4.85
5/3/2012,4.82
6/3/2012,4.98
7/3/2012,4.99
8/3/2012,4.94
9/3/2012,4.93
10/3/2012,4.92
11/3/2012,4.92
12/3/2012,4.91
13/3/2012,4.89
14/3/2012,5.27
15/3/2012,5.38
16/3/2012,5.33
17/3/2012,5.3
18/3/2012,5.3
19/3/2012,5.28
20/3/2012,4.69
21/3/2012,4.84
22/3/2012,4.81
23/3/2012,4.7
24/3/2012,4.65
25/3/2012,4.6
26/3/2012,4.55
27/3/2012,4.62
28/3/2012,4.81
29/3/2012,4.79
30/3/2012,4.81
31/3/2012,4.82
1/4/2012,4.82
2/4/2012,4.83
3/4/2012,4.97
4/4/2012,4.95
5/4/2012,4.91
6/4/2012,4.92
7/4/2012,4.9
8/4/2012,4.85
9/4/2012,4.79
10/4/2012,4.87
11/4/2012,4.84
12/4/2012,4.93
13/4/2012,4.92
14/4/2012,4.95
15/4/2012,4.96
16/4/2012,4.97
17/4/2012,4.93
18/4/2012,4.98
19/4/2012,5.12
20/4/2012,5.14
21/4/2012,5.18
22/4/2012,5.19
23/4/2012,5.2
24/4/2012,4.96
25/4/2012,5.1
26/4/2012,5.13
27/4/2012,5.1
28/4/2012,5
29/4/2012,4.95
30/4/2012,4.9
1/5/2012,4.95
2/5/2012,5
3/5/2012,5.07
4/5/2012,5.13
5/5/2012,5.1
6/5/2012,5.08
7/5/2012,5.05
8/5/2012,5.06
9/5/2012,5.05
10/5/2012,5.04
11/5/2012,4.85
12/5/2012,4.9
13/5/2012,4.92
14/5/2012,4.93
15/5/2012,5.01
16/5/2012,5.04
17/5/2012,5.09
18/5/2012,5.1
19/5/2012,5.1
20/5/2012,5.09
21/5/2012,5.09
22/5/2012,5.1
23/5/2012,5.1
24/5/2012,5.14
25/5/2012,5.12
26/5/2012,5.13
27/5/2012,5.14
28/5/2012,5.14
29/5/2012,5.14
30/5/2012,5.15
31/5/2012,5.14
1/6/2012,5.18
2/6/2012,5.2
3/6/2012,5.21
4/6/2012,5.21
5/6/2012,5.27
6/6/2012,5.44
7/6/2012,5.46
8/6/2012,5.59
9/6/2012,5.55
10/6/2012,5.5
11/6/2012,5.47
12/6/2012,5.57
13/6/2012,5.7
14/6/2012,5.93
15/6/2012,5.95
16/6/2012,6.05
17/6/2012,6.1
18/6/2012,6.16
19/6/2012,6.31
20/6/2012,6.5
21/6/2012,6.67
22/6/2012,6.68
23/6/2012,6.6
24/6/2012,6.5
25/6/2012,6.35
26/6/2012,6.3
27/6/2012,6.42
28/6/2012,6.65
29/6/2012,6.61
30/6/2012,6.62
1/7/2012,6.62
2/7/2012,6.63
3/7/2012,6.76
4/7/2012,6.45
5/7/2012,6.51
6/7/2012,6.67
7/7/2012,6.7
8/7/2012,6.75
9/7/2012,6.8
10/7/2012,7.02
11/7/2012,7.2
12/7/2012,7.15
13/7/2012,7.76
14/7/2012,7.7
15/7/2012,7.65
16/7/2012,7.62
17/7/2012,8.5
18/7/2012,8.8
19/7/2012,9.11
20/7/2012,8.87
21/7/2012,8.6
22/7/2012,8.5
23/7/2012,8.41
24/7/2012,8.45
25/7/2012,8.6
26/7/2012,8.8
27/7/2012,8.9
28/7/2012,8.85
29/7/2012,8.8
30/7/2012,8.71
31/7/2012,9.1
1/8/2012,9.35
2/8/2012,9.55
3/8/2012,10.53
4/8/2012,10.6
5/8/2012,10.7
6/8/2012,10.87
7/8/2012,10.86
8/8/2012,11.1
9/8/2012,11.06
10/8/2012,11.06
11/8/2012,11.2
12/8/2012,11.4
13/8/2012,11.62
14/8/2012,12.04
15/8/2012,12.19
16/8/2012,13.25
17/8/2012,13.5
18/8/2012,12
19/8/2012,10
20/8/2012,8
21/8/2012,10.1
22/8/2012,9.92
23/8/2012,9.81
24/8/2012,10.1
25/8/2012,10.3
26/8/2012,10.45
27/8/2012,10.61
28/8/2012,10.95
29/8/2012,10.94
30/8/2012,10.92
31/8/2012,10.78
1/9/2012,10.6
2/9/2012,10.4
3/9/2012,10.2
4/9/2012,10.53
5/9/2012,10.39
6/9/2012,11
7/9/2012,11.18
8/9/2012,11.15
9/9/2012,11.1
10/9/2012,11.02
11/9/2012,11.17
12/9/2012,11.33
13/9/2012,11.37
14/9/2012,11.4
15/9/2012,11.5
16/9/2012,11.7
17/9/2012,11.87
18/9/2012,11.89
19/9/2012,12.25
20/9/2012,12.57
21/9/2012,12.28
22/9/2012,12.25
23/9/2012,12.22
24/9/2012,12.19
25/9/2012,12.1
26/9/2012,12.2
27/9/2012,12.27
28/9/2012,12.31
29/9/2012,12.35
30/9/2012,12.38
1/10/2012,12.4
2/10/2012,12.4
3/10/2012,12.84
4/10/2012,12.89
5/10/2012,12.85
6/10/2012,12.5
7/10/2012,12.2
8/10/2012,11.8
9/10/2012,11.78
10/10/2012,11.9
11/10/2012,12.12
12/10/2012,12.03
13/10/2012,11.95
14/10/2012,11.85
15/10/2012,11.74
16/10/2012,11.84
17/10/2012,11.85
18/10/2012,11.81
19/10/2012,11.94
20/10/2012,11.8
21/10/2012,11.7
22/10/2012,11.63
23/10/2012,11.71
24/10/2012,11.65
25/10/2012,11.65
26/10/2012,10.86
27/10/2012,10.8
28/10/2012,10.75
29/10/2012,10.7
30/10/2012,10.6
31/10/2012,10.89
1/11/2012,11.2
2/11/2012,10.57
3/11/2012,10.65
4/11/2012,10.7
5/11/2012,10.8
6/11/2012,10.75
7/11/2012,10.9
8/11/2012,10.92
9/11/2012,10.93
10/11/2012,10.9
11/11/2012,10.88
12/11/2012,10.87
13/11/2012,11.01
14/11/2012,10.95
15/11/2012,10.95
16/11/2012,11.2
17/11/2012,11.35
18/11/2012,11.5
19/11/2012,11.65
20/11/2012,11.8
21/11/2012,11.73
22/11/2012,11.77
23/11/2012,12.42
24/11/2012,12.45
25/11/2012,12.46
26/11/2012,12.48
27/11/2012,12.25
28/11/2012,12.2
29/11/2012,12.35
30/11/2012,12.45
1/12/2012,12.48
2/12/2012,12.49
3/12/2012,12.5
4/12/2012,12.68
5/12/2012,13.41
6/12/2012,13.38
7/12/2012,13.3
8/12/2012,13.33
9/12/2012,13.35
10/12/2012,13.39
11/12/2012,13.43
12/12/2012,13.56
13/12/2012,13.7
14/12/2012,13.7
15/12/2012,13.6
16/12/2012,13.45
17/12/2012,13.3
18/12/2012,13.25
19/12/2012,13.3
20/12/2012,13.6
21/12/2012,13.53
22/12/2012,13.45
23/12/2012,13.4
24/12/2012,13.31
25/12/2012,13.38
26/12/2012,13.35
27/12/2012,13.47
28/12/2012,13.42
29/12/2012,13.43
30/12/2012,13.44
31/12/2012,13.45
1/1/2013,13.51
2/1/2013,13.3
3/1/2013,13.28
4/1/2013,13.4
5/1/2013,13.42
6/1/2013,13.44
7/1/2013,13.45
8/1/2013,13.59
9/1/2013,13.74
10/1/2013,13.77
11/1/2013,14.14
12/1/2013,14.12
13/1/2013,14.12
14/1/2013,14.12
15/1/2013,14.3
16/1/2013,14.25
17/1/2013,14.73
18/1/2013,15.5
19/1/2013,15.6
20/1/2013,15.65
21/1/2013,15.7
22/1/2013,16.8
23/1/2013,17.26
24/1/2013,17.5
25/1/2013,16.9
26/1/2013,17.2
27/1/2013,17.5
28/1/2013,17.82
29/1/2013,18.72
30/1/2013,19.53
31/1/2013,19.7
1/2/2013,20.41
2/2/2013,20.45
3/2/2013,20.5
4/2/2013,20.59
5/2/2013,20.43
6/2/2013,20.6
7/2/2013,21.18
8/2/2013,22.15
9/2/2013,22.5
10/2/2013,23
11/2/2013,23.97
12/2/2013,24.65
13/2/2013,25.17
14/2/2013,24.2
15/2/2013,27.22
16/2/2013,27
17/2/2013,26.9
18/2/2013,26.82
19/2/2013,26.95
20/2/2013,29.42
21/2/2013,29.65
22/2/2013,29.75
23/2/2013,29.8
24/2/2013,29.85
25/2/2013,29.89
26/2/2013,30.4
27/2/2013,31.1
28/2/2013,30.9
1/3/2013,33.38
2/3/2013,33.8
3/3/2013,34.2
4/3/2013,34.5
5/3/2013,36.15
6/3/2013,40.33
7/3/2013,41.02
8/3/2013,42
9/3/2013,43
10/3/2013,44.5
11/3/2013,46
12/3/2013,48.4
13/3/2013,44.29
14/3/2013,46.92
15/3/2013,47.17
16/3/2013,47.25
17/3/2013,47.3
18/3/2013,47.4
19/3/2013,51.6
20/3/2013,59.14
21/3/2013,64.49
22/3/2013,70.85
23/3/2013,71
24/3/2013,71.2
25/3/2013,71.5
26/3/2013,73.6
27/3/2013,78.5
28/3/2013,88.92
29/3/2013,86.18
30/3/2013,90
31/3/2013,91.5
1/4/2013,93.03
2/4/2013,104
3/4/2013,117.98
4/4/2013,135
5/4/2013,132.12
6/4/2013,140
7/4/2013,150
8/4/2013,162.3
9/4/2013,187.5
10/4/2013,230
11/4/2013,165
12/4/2013,124.9
13/4/2013,110
14/4/2013,100
15/4/2013,90
16/4/2013,82.39
17/4/2013,68.36
18/4/2013,93.07
19/4/2013,109.01
20/4/2013,115
21/4/2013,117
22/4/2013,119.2
23/4/2013,127.4
24/4/2013,143.48
25/4/2013,154.2
26/4/2013,141.71
27/4/2013,141.85
28/4/2013,141.96
29/4/2013,135.3
30/4/2013,117
1/5/2013,103.43
2/5/2013,91.01
3/5/2013,111.25
4/5/2013,116.79
5/5/2013,118.33
6/5/2013,106.4
7/5/2013,112.64
8/5/2013,113
9/5/2013,118.78
10/5/2013,113.01
11/5/2013,114.71
12/5/2013,117.18
13/5/2013,114.5
14/5/2013,114.16
15/5/2013,115.5
16/5/2013,123.1
17/5/2013,123.88
18/5/2013,120.5
19/5/2013,122.58
20/5/2013,122.9
21/5/2013,123
22/5/2013,125.75
23/5/2013,131.7
24/5/2013,130.77
25/5/2013,134.6
26/5/2013,128.99
27/5/2013,129.18
28/5/2013,132.13
29/5/2013,127.4
30/5/2013,127.98
31/5/2013,129.09
1/6/2013,121.3
2/6/2013,121.16
3/6/2013,121.31
5/6/2013,121.71
6/6/2013,119
7/6/2013,110.09
8/6/2013,108.4
9/6/2013,99.75
10/6/2013,105.99
11/6/2013,108.9
12/6/2013,108.4
13/6/2013,102.77
14/6/2013,98.4
15/6/2013,99.99
16/6/2013,100.42
17/6/2013,102
18/6/2013,106.55
19/6/2013,107.9
20/6/2013,110.91
21/6/2013,109.02
22/6/2013,107.25
23/6/2013,108
24/6/2013,102.44
25/6/2013,103.69
26/6/2013,103.39
27/6/2013,99.66
28/6/2013,93.33
29/6/2013,95.39
30/6/2013,97.5
1/7/2013,89.49
2/7/2013,90.8
3/7/2013,78.8
4/7/2013,78.48
5/7/2013,67.81
6/7/2013,68.08
7/7/2013,77.5
8/7/2013,76.39
9/7/2013,77
10/7/2013,85.75
11/7/2013,93.8
12/7/2013,88.06
13/7/2013,95.58
14/7/2013,94
15/7/2013,97.3
16/7/2013,98.98
17/7/2013,97.8
18/7/2013,88.79
19/7/2013,91.57
20/7/2013,89.28
21/7/2013,90.37
22/7/2013,91.7
23/7/2013,94.58
24/7/2013,94.53
25/7/2013,96.95
26/7/2013,94.13
27/7/2013,94.01
28/7/2013,98.58
29/7/2013,101.5
30/7/2013,110.34
31/7/2013,106.23
1/8/2013,101.61
2/8/2013,103.7
3/8/2013,104.86
4/8/2013,106.56
5/8/2013,105.84
6/8/2013,106.75
7/8/2013,101.67
8/8/2013,103.4
9/8/2013,102.71
10/8/2013,103.77
11/8/2013,105.18
12/8/2013,106.07
13/8/2013,111.62
14/8/2013,111.87
15/8/2013,109.87
16/8/2013,112.74
17/8/2013,114.4
18/8/2013,118.78
19/8/2013,120.5
20/8/2013,121.51
21/8/2013,122.5
22/8/2013,120
23/8/2013,120.44
24/8/2013,122
25/8/2013,122.04
26/8/2013,125.67
27/8/2013,123.02
28/8/2013,123.44
29/8/2013,129.2
30/8/2013,137.76
31/8/2013,138.17
1/9/2013,137.17
2/9/2013,137.51
3/9/2013,135.21
4/9/2013,129.96
5/9/2013,126.13
6/9/2013,123.73
7/9/2013,121.77
8/9/2013,126.4
9/9/2013,127.78
10/9/2013,131.65
11/9/2013,134.22
12/9/2013,135.05
13/9/2013,131.39
14/9/2013,129.95
15/9/2013,131.48
16/9/2013,131.31
17/9/2013,132.06
18/9/2013,130.23
19/9/2013,128.57
20/9/2013,126.78
21/9/2013,128.37
22/9/2013,126.73
23/9/2013,126.09
24/9/2013,127.99
25/9/2013,128.02
26/9/2013,131.84
27/9/2013,133.93
28/9/2013,140.28
29/9/2013,131.65
30/9/2013,132.55
1/10/2013,132.04
2/10/2013,123.07
3/10/2013,128.26
4/10/2013,129.57
5/10/2013,127.56
6/10/2013,128.38
7/10/2013,125.72
8/10/2013,130.9
9/10/2013,129.68
10/10/2013,130.27
11/10/2013,135.35
12/10/2013,135.48
13/10/2013,140.48
14/10/2013,143.89
15/10/2013,143.61
16/10/2013,146.15
17/10/2013,151.34
18/10/2013,170.51
19/10/2013,172.01
20/10/2013,181.41
21/10/2013,193.45
22/10/2013,206.78
23/10/2013,198.8
24/10/2013,172.48
25/10/2013,178.96
26/10/2013,189.83
27/10/2013,198.55
28/10/2013,204.39
29/10/2013,204.2
30/10/2013,203.88
31/10/2013,205.26
1/11/2013,206.89
2/11/2013,212.45
3/11/2013,226.28
4/11/2013,230.63
5/11/2013,260.85
6/11/2013,295.63
7/11/2013,332.02
8/11/2013,358
9/11/2013,313
10/11/2013,340.55
11/11/2013,355.48
12/11/2013,404.17
13/11/2013,408.84
14/11/2013,424.16
15/11/2013,437.41
16/11/2013,488.36
17/11/2013,580.87
18/11/2013,614.4
19/11/2013,565.34
20/11/2013,675.06
21/11/2013,731.15
22/11/2013,819.31
23/11/2013,764.43
24/11/2013,793.07
25/11/2013,832.93
26/11/2013,914.13
27/11/2013,979.08
28/11/2013,1101
29/11/2013,1127
30/11/2013,1033
1/12/2013,974.03
2/12/2013,1078
3/12/2013,1121
4/12/2013,989.04
5/12/2013,1019
6/12/2013,811.98
7/12/2013,743.11
8/12/2013,897.89
9/12/2013,927.78
10/12/2013,887.08
11/12/2013,878.17
12/12/2013,897.27
13/12/2013,866.99
14/12/2013,854.62
15/12/2013,789.15
16/12/2013,691.65
17/12/2013,559.36
18/12/2013,677.84
19/12/2013,694.25
20/12/2013,596.12
21/12/2013,650.27
22/12/2013,645.75
23/12/2013,659.94
24/12/2013,668.74
25/12/2013,734.59
26/12/2013,734.27
27/12/2013,738.81
28/12/2013,726.47
29/12/2013,760.52
30/12/2013,755.16
31/12/2013,767.74
1/1/2014,772.53
2/1/2014,825.47
3/1/2014,849.14
4/1/2014,919.41
5/1/2014,936.38
6/1/2014,826.5
7/1/2014,838.32
8/1/2014,853.29
9/1/2014,863.3
10/1/2014,905.72
11/1/2014,867.45
12/1/2014,840.96
13/1/2014,838.05
14/1/2014,860.44
15/1/2014,837.98
16/1/2014,812.9
17/1/2014,840
18/1/2014,838.17
19/1/2014,869.15
20/1/2014,869.57
21/1/2014,865.03
22/1/2014,846.97
23/1/2014,808.32
24/1/2014,804.39
25/1/2014,853.51
26/1/2014,891.86
27/1/2014,777
28/1/2014,816.85
29/1/2014,817.17
30/1/2014,817.93
31/1/2014,832.52
1/2/2014,836.41
2/2/2014,813.38
3/2/2014,433.94
4/2/2014,830.92
5/2/2014,805.08
6/2/2014,721.32
7/2/2014,701.61
8/2/2014,672.07
9/2/2014,689.65
10/2/2014,697.76
11/2/2014,655.26
12/2/2014,651.91
13/2/2014,623.57
14/2/2014,644.1
15/2/2014,613.85
16/2/2014,645.14
17/2/2014,625.01
18/2/2014,620.99
19/2/2014,593.89
20/2/2014,582.75
21/2/2014,571.06
22/2/2014,622.97
23/2/2014,572.39
24/2/2014,489.31
25/2/2014,567.25
26/2/2014,586.28
27/2/2014,567.2
28/2/2014,560.11
1/3/2014,561.35
2/3/2014,585.79
3/3/2014,675
4/3/2014,658.24
5/3/2014,654.55
6/3/2014,617.62
7/3/2014,610.37
8/3/2014,636.17
9/3/2014,621.17
10/3/2014,624.23
11/3/2014,638.07
12/3/2014,639.03
13/3/2014,629.67
14/3/2014,638.07
15/3/2014,629.55
16/3/2014,623.71
17/3/2014,612.62
18/3/2014,610.64
19/3/2014,592.07
20/3/2014,582.3
21/3/2014,561.22
22/3/2014,567.78
23/3/2014,571.42
24/3/2014,582.55
25/3/2014,584.44
26/3/2014,567.64
27/3/2014,503.66
28/3/2014,502.3
29/3/2014,469.94
30/3/2014,457.4
31/3/2014,478.72
1/4/2014,437.52
2/4/2014,447.08
3/4/2014,448.88
4/4/2014,464.83
5/4/2014,460.7
6/4/2014,457.79
7/4/2014,450.46
8/4/2014,440.2
9/4/2014,360.84
10/4/2014,420.06
11/4/2014,420.66
12/4/2014,414.95
13/4/2014,457.63
14/4/2014,520.12
15/4/2014,529.16
16/4/2014,494.4
17/4/2014,478.23
18/4/2014,501.55
19/4/2014,497.32
20/4/2014,492.67
21/4/2014,484.85
22/4/2014,487.53
23/4/2014,494.27
24/4/2014,458.81
25/4/2014,453.8
26/4/2014,437.92
27/4/2014,436.92
28/4/2014,443.27
29/4/2014,445
30/4/2014,455.09
1/5/2014,443.47
2/5/2014,434.03
4/5/2014,429.08
5/5/2014,426.76
6/5/2014,439.3
7/5/2014,437.36
8/5/2014,447.49
9/5/2014,452.51
10/5/2014,436.28
11/5/2014,439.19
12/5/2014,437.31
13/5/2014,444.25
14/5/2014,444.25
15/5/2014,445.17
16/5/2014,445.85
17/5/2014,444.21
18/5/2014,443.87
19/5/2014,483.42
20/5/2014,488.77
21/5/2014,522.61
22/5/2014,524.48
23/5/2014,523.11
24/5/2014,569.38
25/5/2014,579.62
26/5/2014,569.48
27/5/2014,571.55
28/5/2014,565.26
29/5/2014,621.15
30/5/2014,620.5
31/5/2014,640.16
1/6/2014,656.41
2/6/2014,667.37
3/6/2014,641.18
4/6/2014,658.1
5/6/2014,648.63
6/6/2014,651.71
7/6/2014,649.9
8/6/2014,643.91
9/6/2014,649.06
10/6/2014,630.04
11/6/2014,567.18
12/6/2014,594.68
13/6/2014,570
14/6/2014,583.41
15/6/2014,592.52
16/6/2014,607.16
17/6/2014,604.19
18/6/2014,593.39
19/6/2014,590.06
20/6/2014,591.26
21/6/2014,595.04
22/6/2014,586.15
23/6/2014,582.41
24/6/2014,561.47
25/6/2014,579.59
26/6/2014,598.24
27/6/2014,594.87
28/6/2014,598.49
29/6/2014,637.75
30/6/2014,643.94
1/7/2014,648.11
2/7/2014,640.28
3/7/2014,627.13
4/7/2014,627.58
5/7/2014,631
6/7/2014,619.5
7/7/2014,620.05
8/7/2014,620.16
9/7/2014,615.13
10/7/2014,630.84
11/7/2014,633.64
12/7/2014,627.46
13/7/2014,618.21
14/7/2014,618.95
15/7/2014,614.15
16/7/2014,622.9
17/7/2014,627.02
18/7/2014,626.18
19/7/2014,620.51
20/7/2014,619.91
21/7/2014,619.01
22/7/2014,617.94
23/7/2014,599.81
24/7/2014,600.1
25/7/2014,593.78
26/7/2014,590.38
27/7/2014,585.28
28/7/2014,581.71
29/7/2014,560.79
30/7/2014,583.18
31/7/2014,593.87
1/8/2014,588.23
2/8/2014,585.57
3/8/2014,586.37
4/8/2014,582.42
5/8/2014,583.32
6/8/2014,587.2
7/8/2014,590.91
8/8/2014,588.11
9/8/2014,588.5
10/8/2014,573.41
11/8/2014,567.4
12/8/2014,543.67
13/8/2014,503.71
14/8/2014,492.28
15/8/2014,521.05
16/8/2014,494.78
17/8/2014,459.89
18/8/2014,484.15
19/8/2014,514.19
20/8/2014,515.61
21/8/2014,515.83
22/8/2014,496.57
23/8/2014,508.11
24/8/2014,500.39
25/8/2014,510.64
26/8/2014,510.45
27/8/2014,506.92
28/8/2014,508.1
29/8/2014,501.53
30/8/2014,480.03
31/8/2014,475.82
1/9/2014,474.69
2/9/2014,474.73
3/9/2014,489.55
4/9/2014,480.24
5/9/2014,482.36
6/9/2014,480.6
7/9/2014,471.13
8/9/2014,471.75
9/9/2014,477.11
10/9/2014,476.38
11/9/2014,473.69
12/9/2014,476
13/9/2014,474.8
14/9/2014,473.03
15/9/2014,462.59
16/9/2014,454.62
17/9/2014,423.57
18/9/2014,393.26
19/9/2014,408.5
20/9/2014,396.62
21/9/2014,398.31
22/9/2014,433.75
23/9/2014,420.92
24/9/2014,407.98
25/9/2014,402.88
26/9/2014,398.01
27/9/2014,375.99
28/9/2014,373.09
29/9/2014,387.35
30/9/2014,380.89
1/10/2014,371.84
2/10/2014,356.19
3/10/2014,327.88
4/10/2014,325.11
5/10/2014,328.73
6/10/2014,331.72
7/10/2014,353.39
8/10/2014,358.4
9/10/2014,357.55
10/10/2014,359.52
11/10/2014,374.17
12/10/2014,387.04
13/10/2014,398.29
14/10/2014,392.19
15/10/2014,379.39
16/10/2014,380.29
17/10/2014,389.12
18/10/2014,386.95
19/10/2014,379.77
20/10/2014,382.41
21/10/2014,379.44
22/10/2014,356.2
23/10/2014,354.32
24/10/2014,347.03
25/10/2014,350.19
26/10/2014,348.29
27/10/2014,351.56
28/10/2014,333.15
29/10/2014,343.67
30/10/2014,336.59
31/10/2014,323.98
1/11/2014,323.98
2/11/2014,324
3/11/2014,328.01
4/11/2014,337.59
5/11/2014,347.82
6/11/2014,341.23
7/11/2014,344.18
8/11/2014,363.42
9/11/2014,363.76
10/11/2014,366.15
11/11/2014,418.58
12/11/2014,414.71
13/11/2014,395.25
14/11/2014,377.33
15/11/2014,387.62
16/11/2014,384.9
17/11/2014,374.87
18/11/2014,376.79
19/11/2014,355.39
20/11/2014,349.39
21/11/2014,351.55
22/11/2014,366.78
23/11/2014,377.74
24/11/2014,375.25
25/11/2014,365.77
26/11/2014,368.45
27/11/2014,376.95
28/11/2014,374.96
29/11/2014,376.47
30/11/2014,379.49
1/12/2014,381.38
2/12/2014,374.1
3/12/2014,368.23
4/12/2014,376.38
5/12/2014,373.67
6/12/2014,374.45
7/12/2014,361.43
8/12/2014,350.93
9/12/2014,346.98
10/12/2014,346.91
11/12/2014,351.5
12/12/2014,347.48
13/12/2014,350.13
14/12/2014,344.62
15/12/2014,328.53
16/12/2014,318.83
17/12/2014,309.77
18/12/2014,317.54
19/12/2014,328.77
20/12/2014,319.5
21/12/2014,329.89
22/12/2014,333.97
23/12/2014,322.19
24/12/2014,318.17
25/12/2014,327.72
26/12/2014,314.57
27/12/2014,316.49
28/12/2014,312.63
29/12/2014,310.08
30/12/2014,317.38
31/12/2014,313.99
1/1/2015,314.45
2/1/2015,286.57
3/1/2015,260.94
4/1/2015,273.22
5/1/2015,285.37
6/1/2015,295.87
7/1/2015,284.45
8/1/2015,289.57
9/1/2015,274.53
10/1/2015,267.18
11/1/2015,268.35
12/1/2015,221.44
13/1/2015,172.15
14/1/2015,210.56
15/1/2015,205.82
16/1/2015,199.49
17/1/2015,208.99
18/1/2015,214.55
19/1/2015,210.51
20/1/2015,224.05
21/1/2015,232.04
22/1/2015,232.9
23/1/2015,248.1
24/1/2015,253.84
25/1/2015,271.29
26/1/2015,259.24
27/1/2015,268.55
28/1/2015,262.19
29/1/2015,228.64
30/1/2015,218.02
31/1/2015,226.27
1/2/2015,240.02
2/2/2015,226.01
3/2/2015,225.31
4/2/2015,216.91
5/2/2015,222.49
6/2/2015,227.21
7/2/2015,222.91
8/2/2015,220.09
9/2/2015,220.65
10/2/2015,219.1
11/2/2015,222.04
12/2/2015,235.68
13/2/2015,259.01
14/2/2015,233
15/2/2015,235.92
16/2/2015,242.46
17/2/2015,234.62
18/2/2015,240.3
19/2/2015,244.08
20/2/2015,244.15
21/2/2015,235.55
22/2/2015,238.13
23/2/2015,238.73
24/2/2015,237.38
25/2/2015,236.17
26/2/2015,253.9
27/2/2015,253.6
28/2/2015,257.71
1/3/2015,269.96
2/3/2015,280.62
3/3/2015,273.02
4/3/2015,274.83
5/3/2015,272.34
6/3/2015,275.58
7/3/2015,274.58
8/3/2015,289.3
9/3/2015,290.31
10/3/2015,295.96
11/3/2015,293.92
12/3/2015,288.04
13/3/2015,281.49
14/3/2015,285.26
15/3/2015,290.1
16/3/2015,284.35
17/3/2015,255.61
18/3/2015,260
19/3/2015,260.91
20/3/2015,259.49
21/3/2015,267.8
22/3/2015,266.03
23/3/2015,245.17
24/3/2015,246.27
25/3/2015,247.56
26/3/2015,247.15
27/3/2015,252.05
28/3/2015,241.91
29/3/2015,246.54
30/3/2015,243.27
31/3/2015,246.78
1/4/2015,252.34
2/4/2015,253.62
3/4/2015,253.32
4/4/2015,259.71
5/4/2015,255.42
6/4/2015,253.21
7/4/2015,244.27
8/4/2015,243.2
9/4/2015,234.53
10/4/2015,236.45
11/4/2015,235.74
12/4/2015,223.95
13/4/2015,218
14/4/2015,223.02
15/4/2015,228
16/4/2015,222.42
17/4/2015,222.95
18/4/2015,222.68
19/4/2015,224.31
20/4/2015,234.69
21/4/2015,233.78
22/4/2015,235.17
23/4/2015,230.99
24/4/2015,225.96
25/4/2015,218.51
26/4/2015,228.57
27/4/2015,225.64
28/4/2015,226
29/4/2015,236.22
30/4/2015,232.74
1/5/2015,235.16
2/5/2015,239.88
3/5/2015,238.97
4/5/2015,236
5/5/2015,229.82
6/5/2015,236.85
7/5/2015,243.66
8/5/2015,241.53
9/5/2015,239.55
10/5/2015,241.85
11/5/2015,241.52
12/5/2015,235.48
13/5/2015,236.7
14/5/2015,236.99
15/5/2015,235.98
16/5/2015,236.08
17/5/2015,232.48
18/5/2015,231.94
19/5/2015,234.05
20/5/2015,235.42
21/5/2015,240.94
22/5/2015,239.03
23/5/2015,241.24
24/5/2015,237.44
25/5/2015,237.5
26/5/2015,237.23
27/5/2015,237.49
28/5/2015,237.07
29/5/2015,233.46
30/5/2015,229.68
31/5/2015,223.32
1/6/2015,225.74
2/6/2015,225.48
3/6/2015,224.17
4/6/2015,224.74
5/6/2015,225.29
6/6/2015,223.62
7/6/2015,228.7
8/6/2015,229.53
9/6/2015,229
10/6/2015,229.93
11/6/2015,230.52
12/6/2015,232.63
13/6/2015,233.67
14/6/2015,237.2
15/6/2015,250.47
16/6/2015,247.69
17/6/2015,248.55
18/6/2015,243
19/6/2015,245.48
20/6/2015,244
21/6/2015,247.28
22/6/2015,243.85
23/6/2015,240.54
24/6/2015,242.48
25/6/2015,242.48
26/6/2015,250.62
27/6/2015,248.35
28/6/2015,256.3
29/6/2015,262.41
30/6/2015,257.51
1/7/2015,254.65
2/7/2015,255.16
3/7/2015,260.42
4/7/2015,271.04
5/7/2015,268.6
6/7/2015,265.38
7/7/2015,269.61
8/7/2015,268.89
9/7/2015,285.02
10/7/2015,291.89
11/7/2015,310.19
12/7/2015,290.67
13/7/2015,286.67
14/7/2015,283.95
15/7/2015,276.68
16/7/2015,278.37
17/7/2015,274.48
18/7/2015,272.81
19/7/2015,277.25
20/7/2015,274.94
21/7/2015,276.18
22/7/2015,275.61
23/7/2015,288.44
24/7/2015,288.39
25/7/2015,291.7
26/7/2015,292.61
27/7/2015,293.99
28/7/2015,288.72
29/7/2015,286.84
30/7/2015,283.68
31/7/2015,280.7
1/8/2015,281.73
2/8/2015,281.83
3/8/2015,284.24
4/8/2015,281.4
5/8/2015,278.01
6/8/2015,278.51
7/8/2015,259.8
8/8/2015,264.34
9/8/2015,263.58
10/8/2015,269.87
11/8/2015,267.71
12/8/2015,263.66
13/8/2015,265.13
14/8/2015,260.48
15/8/2015,257.82
16/8/2015,257.06
17/8/2015,253.08
18/8/2015,225.96
19/8/2015,234.64
20/8/2015,232.33
21/8/2015,229.15
22/8/2015,227.25
23/8/2015,210.09
24/8/2015,221.33
25/8/2015,225.27
26/8/2015,222.97
27/8/2015,231.66
28/8/2015,228.47
29/8/2015,228.07
30/8/2015,230.08
31/8/2015,227.16
1/9/2015,228.64
2/9/2015,226.57
3/9/2015,230.05
4/9/2015,234.75
5/9/2015,239.13
6/9/2015,240.5
7/9/2015,243.56
8/9/2015,237.95
9/9/2015,238.78
10/9/2015,240
11/9/2015,234.91
12/9/2015,230.5
13/9/2015,230.21
14/9/2015,229.91
15/9/2015,228.46
16/9/2015,232.75
17/9/2015,232.35
18/9/2015,231.27
19/9/2015,230.66
20/9/2015,226.45
21/9/2015,229.88
22/9/2015,229.87
23/9/2015,233.93
24/9/2015,234.98
25/9/2015,234.53
26/9/2015,232.83
27/9/2015,239.28
28/9/2015,237.23
29/9/2015,236.05
30/9/2015,237.74
1/10/2015,237.26
2/10/2015,238.97
3/10/2015,238.66
4/10/2015,240.32
5/10/2015,246.44
6/10/2015,243.22
7/10/2015,242.9
8/10/2015,244.21
9/10/2015,245.32
10/10/2015,247.54
11/10/2015,245.57
12/10/2015,249.41
13/10/2015,252.7
14/10/2015,254.63
15/10/2015,262.37
16/10/2015,270.36
17/10/2015,262.23
18/10/2015,264.21
19/10/2015,270.27
20/10/2015,267.02
21/10/2015,273.57
22/10/2015,277.39
23/10/2015,282.96
24/10/2015,284.75
25/10/2015,285.52
26/10/2015,294.81
27/10/2015,303.64
28/10/2015,313.91
29/10/2015,325.8
30/10/2015,312.28
31/10/2015,325
1/11/2015,350.77
2/11/2015,398.24
3/11/2015,404.36
4/11/2015,387.47
5/11/2015,372.83
6/11/2015,387.06
7/11/2015,371.5
8/11/2015,380.64
9/11/2015,336.87
10/11/2015,305.98
11/11/2015,337.96
12/11/2015,337.37
13/11/2015,331.5
14/11/2015,320.48
15/11/2015,331.35
16/11/2015,335.11
17/11/2015,335.45
18/11/2015,325.57
19/11/2015,321.42
20/11/2015,325.16
21/11/2015,323.4
22/11/2015,322.83
23/11/2015,319.98
24/11/2015,328.17
25/11/2015,356.25
26/11/2015,359.01
27/11/2015,356.21
28/11/2015,371.49
29/11/2015,378.27
30/11/2015,363.45
1/12/2015,358.82
2/12/2015,360.95
3/12/2015,362.77
4/12/2015,390.65
5/12/2015,394.01
6/12/2015,394.36
7/12/2015,412.93
8/12/2015,417.37
9/12/2015,416.91
10/12/2015,452.41
11/12/2015,434.9
12/12/2015,435.82
13/12/2015,443.28
14/12/2015,465
15/12/2015,453.91
16/12/2015,456.47
17/12/2015,463.82
18/12/2015,462.05
19/12/2015,441.13
20/12/2015,437.81
21/12/2015,436.24
22/12/2015,442.82
23/12/2015,454.91
24/12/2015,455.74
25/12/2015,417.09
26/12/2015,423.93
27/12/2015,420.71
28/12/2015,432.15
29/12/2015,426.81
30/12/2015,431.14
31/12/2015,434.43
1/1/2016,434.33
2/1/2016,430.2
3/1/2016,433.53
4/1/2016,432.12
5/1/2016,431.34
6/1/2016,456.43
7/1/2016,454.7
8/1/2016,448.71
9/1/2016,447.21
10/1/2016,448.35
11/1/2016,445.79
12/1/2016,432.12
13/1/2016,429.24
14/1/2016,365.91
15/1/2016,384.81
16/1/2016,386.36
17/1/2016,385.13
18/1/2016,379.02
19/1/2016,418.85
20/1/2016,407.82
21/1/2016,377.21
22/1/2016,389.64
23/1/2016,403.06
24/1/2016,392.33
25/1/2016,392.46
26/1/2016,394.49
27/1/2016,379.55
28/1/2016,378.91
29/1/2016,376.92
30/1/2016,364.35
31/1/2016,371.04
1/2/2016,372.87
2/2/2016,368.12
3/2/2016,388.38
4/2/2016,385.73
5/2/2016,374.9
6/2/2016,375.52
7/2/2016,371.14
8/2/2016,373.91
9/2/2016,379.83
10/2/2016,377.06
11/2/2016,382.72
12/2/2016,390.42
13/2/2016,404.14
14/2/2016,399.38
15/2/2016,407.01
16/2/2016,416.85
17/2/2016,421.42
18/2/2016,419.38
19/2/2016,441.12
20/2/2016,438.65
21/2/2016,437.8
22/2/2016,420.3
23/2/2016,423.19
24/2/2016,423.14
25/2/2016,427.03
26/2/2016,432.14
27/2/2016,432.8
28/2/2016,436.92
29/2/2016,431.37
1/3/2016,424.49
2/3/2016,420.17
3/3/2016,409.41
4/3/2016,397.24
5/3/2016,404.91
6/3/2016,413.74
7/3/2016,411.88
8/3/2016,412.32
9/3/2016,416.29
10/3/2016,419.3
11/3/2016,410.8
12/3/2016,412.49
13/3/2016,414.59
14/3/2016,415.64
15/3/2016,416.54
16/3/2016,418.4
17/3/2016,408.28
18/3/2016,406.74
19/3/2016,411.88
20/3/2016,411.09
21/3/2016,416.36
22/3/2016,418.08
23/3/2016,414.88
24/3/2016,415.74
25/3/2016,416.71
26/3/2016,425.35
27/3/2016,422.76
28/3/2016,415.55
29/3/2016,412.6
30/3/2016,415.37
31/3/2016,416.75
1/4/2016,419.67
2/4/2016,418.19
3/4/2016,419.44
4/4/2016,422.65
5/4/2016,421.66
6/4/2016,421.08
7/4/2016,418.47
8/4/2016,416.15
9/4/2016,421.13
10/4/2016,422.58
11/4/2016,426.18
12/4/2016,424.27
13/4/2016,424.93
14/4/2016,429.97
15/4/2016,430.94
16/4/2016,428.03
17/4/2016,428.51
18/4/2016,436.37
19/4/2016,441.92
20/4/2016,451.08
21/4/2016,447.49
22/4/2016,451.82
23/4/2016,459.92
24/4/2016,460.47
25/4/2016,467.86
26/4/2016,444.79
27/4/2016,449.38
28/4/2016,456.57
29/4/2016,447.9
30/4/2016,452.59
1/5/2016,444.49
2/5/2016,450.3
3/5/2016,447.12
4/5/2016,448.92
5/5/2016,461.62
6/5/2016,459.25
7/5/2016,459.28
8/5/2016,461.75
9/5/2016,450.33
10/5/2016,452.18
11/5/2016,454.73
12/5/2016,456.01
13/5/2016,455.5
14/5/2016,457.84
15/5/2016,454.89
16/5/2016,452.42
17/5/2016,453.37
18/5/2016,440.54
19/5/2016,441.89
20/5/2016,443.15
21/5/2016,438.68
22/5/2016,443.18
23/5/2016,445.77
24/5/2016,449.05
25/5/2016,453.73
26/5/2016,473.86
27/5/2016,528.55
28/5/2016,524.62
29/5/2016,534.22
30/5/2016,531.41
31/5/2016,539.17
1/6/2016,538.83
2/6/2016,570.44
3/6/2016,573.53
4/6/2016,574.48
5/6/2016,585.56
6/6/2016,577.91
7/6/2016,583.14
8/6/2016,577.61
9/6/2016,579.23
10/6/2016,597.75
11/6/2016,671.71
12/6/2016,704.29
13/6/2016,685.93
14/6/2016,693.23
15/6/2016,765.46
16/6/2016,749.42
17/6/2016,756.8
18/6/2016,764.05
19/6/2016,734.16
20/6/2016,665
21/6/2016,591.9
22/6/2016,623.21
23/6/2016,661.42
24/6/2016,666.06
25/6/2016,629.31
26/6/2016,648.3
27/6/2016,646.84
28/6/2016,637.44
29/6/2016,671.62
30/6/2016,677.71
1/7/2016,693.05
2/7/2016,664.75
3/7/2016,678.7
4/7/2016,667.53
5/7/2016,675.92
6/7/2016,638.62
7/7/2016,665.74
8/7/2016,653.87
9/7/2016,650.32
10/7/2016,649.07
11/7/2016,670.95
12/7/2016,658.15
13/7/2016,659.58
14/7/2016,665.69
15/7/2016,663.5
16/7/2016,678.39
17/7/2016,674.79
18/7/2016,674.56
19/7/2016,670.89
20/7/2016,665.36
21/7/2016,651.09
22/7/2016,655.42
23/7/2016,660.85
24/7/2016,654.52
25/7/2016,651.31
26/7/2016,655.62
27/7/2016,655.89
28/7/2016,657.34
29/7/2016,654.55
30/7/2016,623.75
31/7/2016,605.75
1/8/2016,517.13
2/8/2016,567.38
3/8/2016,576.6
4/8/2016,576.03
5/8/2016,587.63
6/8/2016,592.67
7/8/2016,590.71
8/8/2016,585.3
9/8/2016,592.27
10/8/2016,587.61
11/8/2016,586.53
12/8/2016,584.47
13/8/2016,570.74
14/8/2016,567.73
15/8/2016,578.22
16/8/2016,571.46
17/8/2016,572.27
18/8/2016,573.49
19/8/2016,581.95
20/8/2016,580.59
21/8/2016,585.22
22/8/2016,582
23/8/2016,577.89
24/8/2016,576.12
25/8/2016,578.1
26/8/2016,568.58
27/8/2016,573.53
28/8/2016,572.51
29/8/2016,576.08
30/8/2016,571.76
31/8/2016,571.59
1/9/2016,573.96
2/9/2016,596.2
3/9/2016,608.69
4/9/2016,606.64
5/9/2016,610.68
6/9/2016,614.33
7/9/2016,625.47
8/9/2016,621.91
9/9/2016,623.06
10/9/2016,605.32
11/9/2016,605.83
12/9/2016,606.65
13/9/2016,608.43
14/9/2016,605.58
15/9/2016,606.55
16/9/2016,605.34
17/9/2016,608.8
18/9/2016,608.62
19/9/2016,607.77
20/9/2016,595.84
21/9/2016,594.96
22/9/2016,601.89
23/9/2016,601.27
24/9/2016,599.31
25/9/2016,606.1
26/9/2016,604.21
27/9/2016,603.55
28/9/2016,604.64
29/9/2016,608.26
30/9/2016,614.06
1/10/2016,610.36
2/10/2016,611.96
3/10/2016,609.24
4/10/2016,611.64
5/10/2016,610.98
6/10/2016,616.22
7/10/2016,616.53
8/10/2016,614.62
9/10/2016,614.31
10/10/2016,640.7
11/10/2016,635.62
12/10/2016,634.62
13/10/2016,638.18
14/10/2016,637.21
15/10/2016,640.19
16/10/2016,637.48
17/10/2016,635.47
18/10/2016,628.44
19/10/2016,628.54
20/10/2016,629.72
21/10/2016,652.09
22/10/2016,649.63
23/10/2016,648.77
24/10/2016,652.63
25/10/2016,673.42
26/10/2016,683.37
27/10/2016,687.56
28/10/2016,715.41
29/10/2016,697.28
30/10/2016,698.58
31/10/2016,729.2
1/11/2016,734.16
2/11/2016,686.06
3/11/2016,702.11
4/11/2016,704.02
5/11/2016,712.13
6/11/2016,706.09
7/11/2016,708.94
8/11/2016,721.18
9/11/2016,713.21
10/11/2016,715.64
11/11/2016,703.76
12/11/2016,702.35
13/11/2016,705.55
14/11/2016,712.16
15/11/2016,740.9
16/11/2016,738.48
17/11/2016,748.43
18/11/2016,750.41
19/11/2016,728.37
20/11/2016,736.5
21/11/2016,748.12
22/11/2016,741.17
23/11/2016,736.75
24/11/2016,738.2
25/11/2016,732.73
26/11/2016,727.76
27/11/2016,731.84
28/11/2016,731.81
29/11/2016,742.36
30/11/2016,753.06
1/12/2016,771.17
2/12/2016,764.83
3/12/2016,766.37
4/12/2016,752.24
5/12/2016,758.69
6/12/2016,763.91
7/12/2016,768.67
8/12/2016,769.84
9/12/2016,773.13
10/12/2016,768.23
11/12/2016,778.43
12/12/2016,778.22
13/12/2016,775.89
14/12/2016,775.57
15/12/2016,781.34
16/12/2016,788.88
17/12/2016,788.44
18/12/2016,790.12
19/12/2016,799.72
20/12/2016,826.62
21/12/2016,859.37
22/12/2016,917.1
23/12/2016,891.68
24/12/2016,894.34
25/12/2016,902.61
26/12/2016,929.12
27/12/2016,977.14
28/12/2016,971.72
29/12/2016,960.93
30/12/2016,966.57
31/12/2016,998.05
1/1/2017,1019
2/1/2017,1035
3/1/2017,1130
4/1/2017,990.67
5/1/2017,894.03
6/1/2017,900.08
7/1/2017,908.09
8/1/2017,901.88
9/1/2017,905.76
10/1/2017,784.28
11/1/2017,799.43
12/1/2017,824.5
13/1/2017,817.83
14/1/2017,821.91
15/1/2017,828.31
16/1/2017,904.15
17/1/2017,873.93
18/1/2017,896.89
19/1/2017,891.46
20/1/2017,919.68
21/1/2017,918.78
22/1/2017,918.91
23/1/2017,885.79
24/1/2017,893.47
25/1/2017,915.36
26/1/2017,918.29
27/1/2017,920.25
28/1/2017,914.14
29/1/2017,920.99
30/1/2017,968.27
31/1/2017,986.57
1/2/2017,1008
2/2/2017,1015
3/2/2017,1033
4/2/2017,1016
5/2/2017,1024
6/2/2017,1051
7/2/2017,1055
8/2/2017,981.7
9/2/2017,992.11
10/2/2017,1010
11/2/2017,1000
12/2/2017,996.1
13/2/2017,1010
14/2/2017,1008
15/2/2017,1034
16/2/2017,1056
17/2/2017,1058
18/2/2017,1053
19/2/2017,1082
20/2/2017,1125
21/2/2017,1123
22/2/2017,1185
23/2/2017,1180
24/2/2017,1149
25/2/2017,1180
26/2/2017,1193
27/2/2017,1190
28/2/2017,1227
1/3/2017,1262
2/3/2017,1289
3/3/2017,1268
4/3/2017,1276
5/3/2017,1280
6/3/2017,1233
7/3/2017,1149
8/3/2017,1191
9/3/2017,1100
10/3/2017,1181
11/3/2017,1230
12/3/2017,1243
13/3/2017,1246
14/3/2017,1258
15/3/2017,1217
16/3/2017,1074
17/3/2017,961.96
18/3/2017,1023
19/3/2017,1036
20/3/2017,1112
21/3/2017,1039
22/3/2017,1029
23/3/2017,940.02
24/3/2017,965.27
25/3/2017,954.48
26/3/2017,1042
27/3/2017,1044
28/3/2017,1038
29/3/2017,1031
30/3/2017,1078
31/3/2017,1085
1/4/2017,1098
2/4/2017,1139
3/4/2017,1140
4/4/2017,1132
5/4/2017,1194
6/4/2017,1189
7/4/2017,1182
8/4/2017,1187
9/4/2017,1210
10/4/2017,1226
11/4/2017,1218
12/4/2017,1174
13/4/2017,1183
14/4/2017,1180
15/4/2017,1186
16/4/2017,1205
17/4/2017,1217
18/4/2017,1225
19/4/2017,1253
20/4/2017,1254
21/4/2017,1249
22/4/2017,1247
23/4/2017,1249
24/4/2017,1263
25/4/2017,1287
26/4/2017,1331
27/4/2017,1321
28/4/2017,1327
29/4/2017,1349
30/4/2017,1408
1/5/2017,1442
2/5/2017,1485
3/5/2017,1499
4/5/2017,1506
5/5/2017,1547
6/5/2017,1557
7/5/2017,1633
8/5/2017,1700
9/5/2017,1747
10/5/2017,1808
11/5/2017,1700
12/5/2017,1751
13/5/2017,1767
14/5/2017,1696
15/5/2017,1716
16/5/2017,1804
17/5/2017,1889
18/5/2017,1972
19/5/2017,2043
20/5/2017,2053
21/5/2017,2109
22/5/2017,2292
23/5/2017,2448
24/5/2017,2366
25/5/2017,2262
26/5/2017,2082
27/5/2017,2219
28/5/2017,2286
29/5/2017,2167
30/5/2017,2329
31/5/2017,2436
1/6/2017,2514
2/6/2017,2562
3/6/2017,2556
4/6/2017,2721
5/6/2017,2903
6/6/2017,2716
7/6/2017,2824
8/6/2017,2817
9/6/2017,2937
10/6/2017,3013
11/6/2017,2701
12/6/2017,2736
13/6/2017,2503
14/6/2017,2444
15/6/2017,2513
16/6/2017,2683
17/6/2017,2577
18/6/2017,2620
19/6/2017,2777
20/6/2017,2717
21/6/2017,2724
22/6/2017,2737
23/6/2017,2618
24/6/2017,2606
25/6/2017,2488
26/6/2017,2531
27/6/2017,2575
28/6/2017,2561
29/6/2017,2490
30/6/2017,2439
1/7/2017,2518
2/7/2017,2576
3/7/2017,2611
4/7/2017,2607
5/7/2017,2612
6/7/2017,2509
7/7/2017,2563
8/7/2017,2519
9/7/2017,2363
10/7/2017,2353
11/7/2017,2387
12/7/2017,2364
13/7/2017,2228
14/7/2017,2033
15/7/2017,1927
16/7/2017,2181
17/7/2017,2303
18/7/2017,2274
19/7/2017,2766
20/7/2017,2658
21/7/2017,2802
22/7/2017,2731
23/7/2017,2751
24/7/2017,2563
25/7/2017,2507
26/7/2017,2649
27/7/2017,2798
28/7/2017,2720
29/7/2017,2740
30/7/2017,2871
31/7/2017,2737
1/8/2017,2697
2/8/2017,2777
3/8/2017,2845
4/8/2017,3237
5/8/2017,3189
6/8/2017,3356
7/8/2017,3410
8/8/2017,3330
9/8/2017,3367
10/8/2017,3562
11/8/2017,3800
12/8/2017,4023
13/8/2017,4175
14/8/2017,4149
15/8/2017,4262
16/8/2017,4286
17/8/2017,4097
18/8/2017,4115
19/8/2017,4001
20/8/2017,3935
21/8/2017,4008
22/8/2017,4069
23/8/2017,4167
24/8/2017,4199
25/8/2017,4123
26/8/2017,4116
27/8/2017,4216
28/8/2017,4394
29/8/2017,4553
30/8/2017,4702
31/8/2017,4863
1/9/2017,4556
2/9/2017,4632
3/9/2017,4317
4/9/2017,4447
5/9/2017,4592
6/9/2017,4584
7/9/2017,4285
8/9/2017,4245
9/9/2017,4132
10/9/2017,4164
11/9/2017,4130
12/9/2017,3883
13/9/2017,3100
14/9/2017,3587
15/9/2017,3606
16/9/2017,3553
17/9/2017,4012
18/9/2017,3898
19/9/2017,3858
20/9/2017,3628
21/9/2017,3622
22/9/2017,3763
23/9/2017,3672
24/9/2017,3866
25/9/2017,3852
26/9/2017,4134
27/9/2017,4134
28/9/2017,4130
29/9/2017,4297
30/9/2017,4347
1/10/2017,4383
2/10/2017,4319
3/10/2017,4231
4/10/2017,4290
5/10/2017,4347
6/10/2017,4405
7/10/2017,4562
8/10/2017,4758
9/10/2017,4769
10/10/2017,4807
11/10/2017,5331
12/10/2017,5610
13/10/2017,5679
14/10/2017,5684
15/10/2017,5728
16/10/2017,5643
17/10/2017,5592
18/10/2017,5696
19/10/2017,5952
20/10/2017,6043
21/10/2017,6003
22/10/2017,5959
23/10/2017,5550
24/10/2017,5704
25/10/2017,5883
26/10/2017,5775
27/10/2017,5734
28/10/2017,6123
29/10/2017,6104
30/10/2017,6368
31/10/2017,6714
1/11/2017,7059
2/11/2017,7234
3/11/2017,7390
4/11/2017,7416
5/11/2017,7103
6/11/2017,7166
7/11/2017,7461
8/11/2017,7186
9/11/2017,6656
10/11/2017,6365
11/11/2017,5866
12/11/2017,6423
13/11/2017,6652
14/11/2017,7297
15/11/2017,7814
16/11/2017,7783
17/11/2017,7827
18/11/2017,8011
19/11/2017,8220
20/11/2017,8114
21/11/2017,8257
22/11/2017,8117
23/11/2017,8278
24/11/2017,8743
25/11/2017,9342
26/11/2017,9831
27/11/2017,10257
28/11/2017,9875
29/11/2017,10406
30/11/2017,10995
1/12/2017,11162
2/12/2017,11256
3/12/2017,11634
4/12/2017,12174
5/12/2017,13876
6/12/2017,18491
7/12/2017,16908
8/12/2017,15266
9/12/2017,15808
10/12/2017,17106
11/12/2017,17249
12/12/2017,16525
13/12/2017,16865
14/12/2017,17978
15/12/2017,19665
16/12/2017,19423
17/12/2017,19188
18/12/2017,18174
19/12/2017,19118
20/12/2017,16355
21/12/2017,14084
22/12/2017,15241
23/12/2017,14451
24/12/2017,14302
25/12/2017,16616
26/12/2017,16373
27/12/2017,15067
28/12/2017,15096
29/12/2017,13620
30/12/2017,14839
31/12/2017,14093
1/1/2018,15321
2/1/2018,15583
3/1/2018,15976
4/1/2018,18336
5/1/2018,18343
6/1/2018,17039
7/1/2018,15900
8/1/2018,15604
9/1/2018,15509
10/1/2018,14050
11/1/2018,14759
12/1/2018,15193
13/1/2018,14476
14/1/2018,14412
15/1/2018,11723
16/1/2018,11415
17/1/2018,11569
18/1/2018,11758
19/1/2018,13260
20/1/2018,11703
21/1/2018,10991
22/1/2018,10894
23/1/2018,11277
24/1/2018,11225
25/1/2018,11044
26/1/2018,11456
27/1/2018,11665
28/1/2018,11157
29/1/2018,11095
30/1/2018,9989
31/1/2018,10114
1/2/2018,9070
2/2/2018,8830
3/2/2018,8994
4/2/2018,8315
5/2/2018,6852
6/2/2018,7711
7/2/2018,7611
8/2/2018,8208
9/2/2018,8650
10/2/2018,8574
11/2/2018,8168
12/2/2018,8911
13/2/2018,8518
14/2/2018,9428
15/2/2018,10112
16/2/2018,10155
17/2/2018,11006
18/2/2018,10523
19/2/2018,11103
20/2/2018,11502
21/2/2018,9973
22/2/2018,10032
23/2/2018,10301
24/2/2018,9742
25/2/2018,9699
26/2/2018,10355
27/2/2018,10709
28/2/2018,10346
1/3/2018,10859
2/3/2018,11098
3/3/2018,11356
4/3/2018,11286
5/3/2018,11526
6/3/2018,10727
7/3/2018,9999
8/3/2018,9420
9/3/2018,9276
10/3/2018,8890
11/3/2018,9512
12/3/2018,9232
13/3/2018,9216
14/3/2018,8307
15/3/2018,8359
16/3/2018,8520
17/3/2018,8063
18/3/2018,8217
19/3/2018,8640
20/3/2018,8926
21/3/2018,8970
22/3/2018,8736
23/3/2018,8824
24/3/2018,8621
25/3/2018,8478
26/3/2018,8186
27/3/2018,7836
28/3/2018,7930
29/3/2018,7126
30/3/2018,6897
31/3/2018,6975
1/4/2018,6836
2/4/2018,7080
3/4/2018,7464
4/4/2018,6845
5/4/2018,6855
6/4/2018,6628
7/4/2018,6884
8/4/2018,6984
9/4/2018,6778
10/4/2018,6829
11/4/2018,6925
12/4/2018,7836
13/4/2018,7845
14/4/2018,7897
15/4/2018,8258
16/4/2018,8031
17/4/2018,7873
18/4/2018,8097
19/4/2018,8277
20/4/2018,8499
21/4/2018,8878
22/4/2018,8769
23/4/2018,8881
24/4/2018,9716
25/4/2018,8825
26/4/2018,9221
27/4/2018,8940
28/4/2018,9249
29/4/2018,9325
30/4/2018,9198
1/5/2018,9024
2/5/2018,9122
3/5/2018,9551
4/5/2018,9634
5/5/2018,9766
6/5/2018,9583
7/5/2018,9308
8/5/2018,9149
9/5/2018,9248
10/5/2018,8969
11/5/2018,8405
12/5/2018,8480
13/5/2018,8683
14/5/2018,8696
15/5/2018,8473
16/5/2018,8343
17/5/2018,8056
18/5/2018,8202
19/5/2018,8180
20/5/2018,8443
21/5/2018,8355
22/5/2018,8009
23/5/2018,7556
24/5/2018,7563
25/5/2018,7472
26/5/2018,7328
27/5/2018,7326
28/5/2018,7111
29/5/2018,7451
30/5/2018,7380
31/5/2018,7460
1/6/2018,7487
2/6/2018,7567
3/6/2018,7639
4/6/2018,7463
5/6/2018,7569
6/6/2018,7605
7/6/2018,7613
8/6/2018,7561
9/6/2018,7415
10/6/2018,6767
11/6/2018,6880
12/6/2018,6581
13/6/2018,6334
14/6/2018,6644
15/6/2018,6406
16/6/2018,6478
17/6/2018,6418
18/6/2018,6677
19/6/2018,6708
20/6/2018,6714
21/6/2018,6690
22/6/2018,6088
23/6/2018,6169
24/6/2018,6159
25/6/2018,6241
26/6/2018,6069
27/6/2018,6117
28/6/2018,5879
29/6/2018,6182
30/6/2018,6366
1/7/2018,6312
2/7/2018,6595
3/7/2018,6497
4/7/2018,6562
5/7/2018,6537
6/7/2018,6603
7/7/2018,6759
8/7/2018,6700
9/7/2018,6648
10/7/2018,6303
11/7/2018,6373
12/7/2018,6230
13/7/2018,6248
14/7/2018,6246
15/7/2018,6349
16/7/2018,6741
17/7/2018,7303
18/7/2018,7334
19/7/2018,7442
20/7/2018,7331
21/7/2018,7379
22/7/2018,7395
23/7/2018,7705
24/7/2018,8422
25/7/2018,8144
26/7/2018,7929
27/7/2018,8145
28/7/2018,8192
29/7/2018,8197
30/7/2018,8185
31/7/2018,7738
1/8/2018,7612
2/8/2018,7540
3/8/2018,7411
4/8/2018,7009
5/8/2018,7036
6/8/2018,6926
7/8/2018,6711
8/8/2018,6259
9/8/2018,6531
10/8/2018,6166
11/8/2018,6205
12/8/2018,6318
13/8/2018,6284
14/8/2018,6212
15/8/2018,6267
16/8/2018,6309
17/8/2018,6566
18/8/2018,6382
19/8/2018,6475
20/8/2018,6242
21/8/2018,6467
22/8/2018,6336
23/8/2018,6521
24/8/2018,6684
25/8/2018,6736
26/8/2018,6728
27/8/2018,6911
28/8/2018,7075
29/8/2018,7046
30/8/2018,7024
31/8/2018,7027
1/9/2018,7211
2/9/2018,7305
3/9/2018,7260
4/9/2018,7359
5/9/2018,6764
6/9/2018,6498
7/9/2018,6397
8/9/2018,6181
9/9/2018,6260
10/9/2018,6308
11/9/2018,6278
12/9/2018,6330
13/9/2018,6486
14/9/2018,6500
15/9/2018,6530
16/9/2018,6506
17/9/2018,6250
18/9/2018,6347
19/9/2018,6383
20/9/2018,6491
21/9/2018,6753
22/9/2018,6747
23/9/2018,6711
24/9/2018,6596
25/9/2018,6441
26/9/2018,6462
27/9/2018,6704
28/9/2018,6634
29/9/2018,6606
30/9/2018,6626
1/10/2018,6598
2/10/2018,6524
3/10/2018,6499
4/10/2018,6578
5/10/2018,6621
6/10/2018,6589
7/10/2018,6584
8/10/2018,6653
9/10/2018,6633
10/10/2018,6582
11/10/2018,6234
12/10/2018,6285
13/10/2018,6314
14/10/2018,6328
15/10/2018,6659
16/10/2018,6635
17/10/2018,6635
18/10/2018,6517
19/10/2018,6483
20/10/2018,6532
21/10/2018,6529
22/10/2018,6512
23/10/2018,6472
24/10/2018,6481
25/10/2018,6458
26/10/2018,6468
27/10/2018,6457
28/10/2018,6481
29/10/2018,6292
30/10/2018,6331
31/10/2018,6366
1/11/2018,6379
2/11/2018,6425
3/11/2018,6388
4/11/2018,6351
5/11/2018,6415
6/11/2018,6474
7/11/2018,6574
8/11/2018,6490
9/11/2018,6413
10/11/2018,6429
11/11/2018,6434
12/11/2018,6411
13/11/2018,6394
14/11/2018,5788
15/11/2018,5686
16/11/2018,5609
17/11/2018,5599
18/11/2018,5638
19/11/2018,4889
20/11/2018,4450
21/11/2018,4613
22/11/2018,4307
23/11/2018,4376
24/11/2018,3895
25/11/2018,4039
26/11/2018,3811
27/11/2018,3832
28/11/2018,4267
29/11/2018,4279
30/11/2018,4009
1/12/2018,4189
2/12/2018,4124
3/12/2018,3878
4/12/2018,3943
5/12/2018,3751
6/12/2018,3466
7/12/2018,3408
8/12/2018,3424
9/12/2018,3550
10/12/2018,3433
11/12/2018,3378
12/12/2018,3438
13/12/2018,3294
14/12/2018,3216
15/12/2018,3221
16/12/2018,3217
17/12/2018,3506
18/12/2018,3655
19/12/2018,3687
20/12/2018,4065
21/12/2018,3846
22/12/2018,3960
23/12/2018,3941
24/12/2018,4021
25/12/2018,3759
26/12/2018,3781
27/12/2018,3587
28/12/2018,3854
29/12/2018,3778
30/12/2018,3809
31/12/2018,3692
1/1/2019,3794
2/1/2019,3872
3/1/2019,3776
4/1/2019,3815
5/1/2019,3787
6/1/2019,4013
7/1/2019,3989
8/1/2019,3973
9/1/2019,3982
10/1/2019,3623
11/1/2019,3632
12/1/2019,3598
13/1/2019,3495
14/1/2019,3648
15/1/2019,3567
16/1/2019,3597
17/1/2019,3620
18/1/2019,3597
19/1/2019,3674
20/1/2019,3539
21/1/2019,3531
22/1/2019,3571
23/1/2019,3555
24/1/2019,3565
25/1/2019,3564
26/1/2019,3563
27/1/2019,3553
28/1/2019,3432
29/1/2019,3413
30/1/2019,3457
31/1/2019,3431
1/2/2019,3464
2/2/2019,3486
3/2/2019,3454
4/2/2019,3464
5/2/2019,3469
6/2/2019,3405
7/2/2019,3394
8/2/2019,3664
9/2/2019,3667
10/2/2019,3675
11/2/2019,3631
12/2/2019,3633
13/2/2019,3610
14/2/2019,3589
15/2/2019,3601
16/2/2019,3622
17/2/2019,3665
18/2/2019,3886
19/2/2019,3915
20/2/2019,3976
21/2/2019,3934
22/2/2019,3973
23/2/2019,4115
24/2/2019,3742
25/2/2019,3824
26/2/2019,3809
27/2/2019,3813
28/2/2019,3815
1/3/2019,3815
2/3/2019,3819
3/3/2019,3806
4/3/2019,3712
5/3/2019,3852
6/3/2019,3860
7/3/2019,3871
8/3/2019,3861
9/3/2019,3941
10/3/2019,3923
11/3/2019,3860
12/3/2019,3876
13/3/2019,3865
14/3/2019,3876
15/3/2019,3925
16/3/2019,4007
17/3/2019,3980
18/3/2019,3986
19/3/2019,4013
20/3/2019,4045
21/3/2019,3983
22/3/2019,3989
23/3/2019,4008
24/3/2019,3993
25/3/2019,3927
26/3/2019,3938
27/3/2019,4036
28/3/2019,4028
29/3/2019,4103
30/3/2019,4103
31/3/2019,4103
1/4/2019,4146
2/4/2019,4862
3/4/2019,4955
4/4/2019,4899
5/4/2019,5014
6/4/2019,5041
7/4/2019,5176
8/4/2019,5266
9/4/2019,5172
10/4/2019,5308
11/4/2019,5047
12/4/2019,5082
13/4/2019,5072
14/4/2019,5149
15/4/2019,5039
16/4/2019,5213
17/4/2019,5218
18/4/2019,5274
19/4/2019,5280
20/4/2019,5307
21/4/2019,5311
22/4/2019,5380
23/4/2019,5557
24/4/2019,5452
25/4/2019,5203
26/4/2019,5295
27/4/2019,5256
28/4/2019,5257
29/4/2019,5199
30/4/2019,5292
1/5/2019,5354
2/5/2019,5450
3/5/2019,5731
4/5/2019,5803
5/5/2019,5749
6/5/2019,5715
7/5/2019,5841
8/5/2019,5957
9/5/2019,6168
10/5/2019,6370
11/5/2019,7258
12/5/2019,6953
13/5/2019,7805
14/5/2019,7990
15/5/2019,8192
16/5/2019,7875
17/5/2019,7343
18/5/2019,7300
19/5/2019,8168
20/5/2019,7976
21/5/2019,7958
22/5/2019,7665
23/5/2019,7861
24/5/2019,7977
25/5/2019,8037
26/5/2019,8631
27/5/2019,8816
28/5/2019,8726
29/5/2019,8650
30/5/2019,8310
31/5/2019,8575
1/6/2019,8554
2/6/2019,8743
3/6/2019,8173
4/6/2019,7683
5/6/2019,7812
6/6/2019,7821
7/6/2019,8036
8/6/2019,7942
9/6/2019,7668
10/6/2019,8002
11/6/2019,7897
12/6/2019,8145
13/6/2019,8227
14/6/2019,8671
15/6/2019,8818
16/6/2019,8978
17/6/2019,9312
18/6/2019,9094
19/6/2019,9285
20/6/2019,9548
21/6/2019,10118
22/6/2019,10704
23/6/2019,10846
24/6/2019,11045
25/6/2019,11808
26/6/2019,12996
27/6/2019,11178
28/6/2019,12352
29/6/2019,11972
30/6/2019,10888
1/7/2019,10639
2/7/2019,10822
3/7/2019,11975
4/7/2019,11229
5/7/2019,10987
6/7/2019,11279
7/7/2019,11436
8/7/2019,12260
9/7/2019,12544
10/7/2019,12166
11/7/2019,11385
12/7/2019,11804
13/7/2019,11418
14/7/2019,10285
15/7/2019,10911
16/7/2019,9538
17/7/2019,9657
18/7/2019,10636
19/7/2019,10536
20/7/2019,10774
21/7/2019,10607
22/7/2019,10343
23/7/2019,9936
24/7/2019,9799
25/7/2019,9878
26/7/2019,9846
27/7/2019,9447
28/7/2019,9534
29/7/2019,9510
30/7/2019,9568
31/7/2019,10063
1/8/2019,10361
2/8/2019,10529
3/8/2019,10791
4/8/2019,10951
5/8/2019,11818
6/8/2019,11510
7/8/2019,11970
8/8/2019,12024
9/8/2019,11852
10/8/2019,11327
11/8/2019,11550
12/8/2019,11381
13/8/2019,10903
14/8/2019,10016
15/8/2019,10295
16/8/2019,10324
17/8/2019,10224
18/8/2019,10309
19/8/2019,10895
20/8/2019,10743
21/8/2019,10124
22/8/2019,10127
23/8/2019,10385
24/8/2019,10145
25/8/2019,10090
26/8/2019,10334
27/8/2019,10167
28/8/2019,9753
29/8/2019,9485
30/8/2019,9588
31/8/2019,9607
1/9/2019,9729
2/9/2019,10323
3/9/2019,10620
4/9/2019,10573
5/9/2019,10570
6/9/2019,10350
7/9/2019,10461
8/9/2019,10404
9/9/2019,10321
10/9/2019,10121
11/9/2019,10150
12/9/2019,10401
13/9/2019,10355
14/9/2019,10349
15/9/2019,10305
16/9/2019,10268
17/9/2019,10203
18/9/2019,10158
19/9/2019,10253
20/9/2019,10178
21/9/2019,9997
22/9/2019,10041
23/9/2019,9699
24/9/2019,8702
25/9/2019,8446
26/9/2019,8098
27/9/2019,8183
28/9/2019,8225
29/9/2019,8064
30/9/2019,8271
1/10/2019,8366
2/10/2019,8350
3/10/2019,8176
4/10/2019,8156
5/10/2019,8140
6/10/2019,7890
7/10/2019,8182
8/10/2019,8180
9/10/2019,8573
10/10/2019,8561
11/10/2019,8277
12/10/2019,8308
13/10/2019,8289
14/10/2019,8347
15/10/2019,8175
16/10/2019,8010
17/10/2019,8079
18/10/2019,7957
19/10/2019,7949
20/10/2019,8208
21/10/2019,8220
22/10/2019,8045
23/10/2019,7468
24/10/2019,7433
25/10/2019,8652
26/10/2019,9217
27/10/2019,9502
28/10/2019,9239
29/10/2019,9407
30/10/2019,9171
31/10/2019,9151
1/11/2019,9233
2/11/2019,9302
3/11/2019,9204
4/11/2019,9378
5/11/2019,9300
6/11/2019,9340
7/11/2019,9221
8/11/2019,8795
9/11/2019,8809
10/11/2019,9043
11/11/2019,8729
12/11/2019,8806
13/11/2019,8770
14/11/2019,8652
15/11/2019,8480
16/11/2019,8496
17/11/2019,8508
18/11/2019,8202
19/11/2019,8138
20/11/2019,8095
21/11/2019,7632
22/11/2019,7293
23/11/2019,7309
24/11/2019,6935
25/11/2019,7118
26/11/2019,7157
27/11/2019,7483
28/11/2019,7438
29/11/2019,7720
30/11/2019,7556
1/12/2019,7405
2/12/2019,7308
3/12/2019,7286
4/12/2019,7209
5/12/2019,7373
6/12/2019,7530
7/12/2019,7493
8/12/2019,7508
9/12/2019,7347
10/12/2019,7233
11/12/2019,7197
12/12/2019,7200
13/12/2019,7247
14/12/2019,7081
15/12/2019,7108
16/12/2019,6901
17/12/2019,6627
18/12/2019,7274
19/12/2019,7152
20/12/2019,7185
21/12/2019,7141
22/12/2019,7488
23/12/2019,7335
24/12/2019,7266
25/12/2019,7204
26/12/2019,7208
27/12/2019,7247
28/12/2019,7307
29/12/2019,7394
30/12/2019,7240
31/12/2019,7195
1/1/2020,7193
2/1/2020,6963
3/1/2020,7300
4/1/2020,7351
5/1/2020,7349
6/1/2020,7734
7/1/2020,8147
8/1/2020,8045
9/1/2020,7832
10/1/2020,8180
11/1/2020,8012
12/1/2020,8171
13/1/2020,8110
14/1/2020,8801
15/1/2020,8820
16/1/2020,8720
17/1/2020,8902
18/1/2020,8906
19/1/2020,8690
20/1/2020,8631
21/1/2020,8724
22/1/2020,8665
23/1/2020,8415
24/1/2020,8432
25/1/2020,8348
26/1/2020,8595
27/1/2020,8879
28/1/2020,9320
29/1/2020,9276
30/1/2020,9509
31/1/2020,9308
1/2/2020,9363
2/2/2020,9338
3/2/2020,9308
4/2/2020,9179
5/2/2020,9592
6/2/2020,9744
7/2/2020,9799
8/2/2020,9890
9/2/2020,10148
10/2/2020,9890
11/2/2020,10226
12/2/2020,10328
13/2/2020,10221
14/2/2020,10320
15/2/2020,9894
16/2/2020,9943
17/2/2020,9723
18/2/2020,10133
19/2/2020,9618
20/2/2020,9608
21/2/2020,9673
22/2/2020,9658
23/2/2020,9946
24/2/2020,9670
25/2/2020,9345
26/2/2020,8801
27/2/2020,8781
28/2/2020,8717
29/2/2020,8552
1/3/2020,8567
2/3/2020,8905
3/3/2020,8756
4/3/2020,8758
5/3/2020,9038
6/3/2020,9135
7/3/2020,8902
8/3/2020,8041
9/3/2020,7921
10/3/2020,7906
11/3/2020,7935
12/3/2020,5142
13/3/2020,5542
14/3/2020,5214
15/3/2020,5397
16/3/2020,5032
17/3/2020,5389
18/3/2020,5376
19/3/2020,6170
20/3/2020,6195
21/3/2020,6145
22/3/2020,5859
23/3/2020,6456
24/3/2020,6730
25/3/2020,6695
26/3/2020,6765
27/3/2020,6397
28/3/2020,6255
29/3/2020,5915
30/3/2020,6403
31/3/2020,6421
1/4/2020,6640
2/4/2020,6807
3/4/2020,6732
4/4/2020,6859
5/4/2020,6788
6/4/2020,7297
7/4/2020,7196
8/4/2020,7342
9/4/2020,7294
10/4/2020,6864
11/4/2020,6878
12/4/2020,6913
13/4/2020,6857
14/4/2020,6860
15/4/2020,6629
16/4/2020,7059
17/4/2020,7035
18/4/2020,7242
19/4/2020,7127
20/4/2020,6856
21/4/2020,6842
22/4/2020,7110
23/4/2020,7382
24/4/2020,7495
25/4/2020,7538
26/4/2020,7683
27/4/2020,7774
28/4/2020,7758
29/4/2020,8744
30/4/2020,8610
1/5/2020,8824
2/5/2020,8966
3/5/2020,8888
4/5/2020,8884
5/5/2020,9003
6/5/2020,9144
7/5/2020,9959
8/5/2020,9821
9/5/2020,9566
10/5/2020,8752
11/5/2020,8604
12/5/2020,8788
13/5/2020,9283
14/5/2020,9796
15/5/2020,9309
16/5/2020,9375
17/5/2020,9666
18/5/2020,9708
19/5/2020,9760
20/5/2020,9526
21/5/2020,9059
22/5/2020,9131
23/5/2020,9170
24/5/2020,8731
25/5/2020,8883
26/5/2020,8839
27/5/2020,9174
28/5/2020,9546
29/5/2020,9427
30/5/2020,9662
31/5/2020,9466
1/6/2020,10167
2/6/2020,9515
3/6/2020,9645
4/6/2020,9776
5/6/2020,9636
6/6/2020,9662
7/6/2020,9738
8/6/2020,9773
9/6/2020,9767
10/6/2020,9874
11/6/2020,9326
12/6/2020,9469
13/6/2020,9469
14/6/2020,9345
15/6/2020,9431
16/6/2020,9524
17/6/2020,9463
18/6/2020,9399
19/6/2020,9312
20/6/2020,9360
21/6/2020,9298
22/6/2020,9678
23/6/2020,9624
24/6/2020,9288
25/6/2020,9258
26/6/2020,9166
27/6/2020,9013
28/6/2020,9139
29/6/2020,9185
30/6/2020,9149
1/7/2020,9230
2/7/2020,9094
3/7/2020,9071
4/7/2020,9132
5/7/2020,9087
6/7/2020,9342
7/7/2020,9253
8/7/2020,9432
9/7/2020,9235
10/7/2020,9282
11/7/2020,9234
12/7/2020,9297
13/7/2020,9240
14/7/2020,9247
15/7/2020,9203
16/7/2020,9136
17/7/2020,9156
18/7/2020,9168
19/7/2020,9202
20/7/2020,9163
21/7/2020,9384
22/7/2020,9514
23/7/2020,9589
24/7/2020,9535
25/7/2020,9691
26/7/2020,9925
27/7/2020,10962
28/7/2020,10904
29/7/2020,11093
30/7/2020,11116
31/7/2020,11325
1/8/2020,11812
2/8/2020,11066
3/8/2020,11230
4/8/2020,11181
5/8/2020,11719
6/8/2020,11768
7/8/2020,11571
8/8/2020,11739
9/8/2020,11682
10/8/2020,11862
11/8/2020,11398
12/8/2020,11579
13/8/2020,11817
14/8/2020,11777
15/8/2020,11864
16/8/2020,11901
17/8/2020,12272
18/8/2020,11949
19/8/2020,11733
20/8/2020,11861
21/8/2020,11515
22/8/2020,11676
23/8/2020,11647
24/8/2020,11758
25/8/2020,11350
26/8/2020,11465
27/8/2020,11300
28/8/2020,11519
29/8/2020,11481
30/8/2020,11701
31/8/2020,11672
1/9/2020,11895
2/9/2020,11418
3/9/2020,10197
4/9/2020,10484
5/9/2020,10177
6/9/2020,10260
7/9/2020,10359
8/9/2020,10125
9/9/2020,10230
10/9/2020,10342
11/9/2020,10378
12/9/2020,10439
13/9/2020,10328
14/9/2020,10661
15/9/2020,10787
16/9/2020,10952
17/9/2020,10938
18/9/2020,10927
19/9/2020,11084
20/9/2020,10923
21/9/2020,10439
22/9/2020,10527
23/9/2020,10223
24/9/2020,10726
25/9/2020,10681
26/9/2020,10743
27/9/2020,10765
28/9/2020,10672
29/9/2020,10837
30/9/2020,10770
1/10/2020,10627
2/10/2020,10572
3/10/2020,10546
4/10/2020,10670
5/10/2020,10784
6/10/2020,10605
7/10/2020,10668
8/10/2020,10888
9/10/2020,11063
10/10/2020,11286
11/10/2020,11377
12/10/2020,11543
13/10/2020,11426
14/10/2020,11435
15/10/2020,11495
16/10/2020,11319
17/10/2020,11365
18/10/2020,11495
19/10/2020,11752
20/10/2020,11908
21/10/2020,12806
22/10/2020,12951
23/10/2020,12928
24/10/2020,13106
25/10/2020,13021
26/10/2020,13060
27/10/2020,13655
28/10/2020,13283
29/10/2020,13441
30/10/2020,13537
31/10/2020,13778
1/11/2020,13720
2/11/2020,13558
3/11/2020,13989
4/11/2020,14101
5/11/2020,15553
6/11/2020,15548
7/11/2020,14818
8/11/2020,15496
9/11/2020,15335
10/11/2020,15278
11/11/2020,15686
12/11/2020,16265
13/11/2020,16326
14/11/2020,16095
15/11/2020,15984
16/11/2020,16714
17/11/2020,17651
18/11/2020,17829
19/11/2020,17819
20/11/2020,18628
21/11/2020,18689
22/11/2020,18390
23/11/2020,18360
24/11/2020,19091
25/11/2020,18753
26/11/2020,17138
27/11/2020,17140
28/11/2020,17718
29/11/2020,18169
30/11/2020,19609
1/12/2020,18857
2/12/2020,19208
3/12/2020,19435
4/12/2020,18711
5/12/2020,19139
6/12/2020,19325
7/12/2020,19198
8/12/2020,18336
9/12/2020,18564
10/12/2020,18262
11/12/2020,18058
12/12/2020,18807
13/12/2020,19151
14/12/2020,19259
15/12/2020,19432
16/12/2020,21318
17/12/2020,22806
18/12/2020,23121
19/12/2020,23864
20/12/2020,23518
21/12/2020,22841
22/12/2020,23795
23/12/2020,23308
24/12/2020,23760
25/12/2020,24671
26/12/2020,26476
27/12/2020,26423
28/12/2020,27125
29/12/2020,27425
30/12/2020,28837
31/12/2020,29022
1/1/2021,29352
2/1/2021,32164
3/1/2021,33008
4/1/2021,31516
5/1/2021,34082
6/1/2021,36934
7/1/2021,39547
8/1/2021,40816
9/1/2021,40297
10/1/2021,38398
11/1/2021,35670
12/1/2021,33938
13/1/2021,37456
14/1/2021,39233
15/1/2021,36788
16/1/2021,36255
17/1/2021,35804
18/1/2021,36595
19/1/2021,36105
20/1/2021,35587
21/1/2021,30914
22/1/2021,32958
23/1/2021,32068
24/1/2021,32274
25/1/2021,32375
26/1/2021,32582
27/1/2021,30446
28/1/2021,33128
29/1/2021,34151
30/1/2021,34200
31/1/2021,33065
1/2/2021,33406
2/2/2021,35486
3/2/2021,37495
4/2/2021,36817
5/2/2021,38008
6/2/2021,39279
7/2/2021,38833
8/2/2021,46308
9/2/2021,46570
10/2/2021,44849
11/2/2021,47816
12/2/2021,47414
13/2/2021,46941
14/2/2021,48608
15/2/2021,47898
16/2/2021,49238
17/2/2021,52144
18/2/2021,51733
19/2/2021,56039
20/2/2021,56378
21/2/2021,57669
22/2/2021,54411
23/2/2021,48692
24/2/2021,49849
25/2/2021,46993
26/2/2021,46551
27/2/2021,46654
28/2/2021,44970
1/3/2021,49787
2/3/2021,48532
3/3/2021,50577
4/3/2021,48727
5/3/2021,49092
6/3/2021,49019
7/3/2021,51313
8/3/2021,52329
9/3/2021,54700
10/3/2021,56020
11/3/2021,57789
12/3/2021,57354
13/3/2021,61315
14/3/2021,59429
15/3/2021,55805
16/3/2021,56830
17/3/2021,59015
18/3/2021,57922
19/3/2021,58243
20/3/2021,58376
21/3/2021,57574
22/3/2021,54370
23/3/2021,54585
24/3/2021,52527
25/3/2021,51417
26/3/2021,55033
27/3/2021,55832
28/3/2021,55728
29/3/2021,57635
30/3/2021,58669
31/3/2021,58817
1/4/2021,58801
2/4/2021,59060
3/4/2021,57060
4/4/2021,58229
5/4/2021,58707
6/4/2021,58062
7/4/2021,56134
8/4/2021,58066
9/4/2021,58153
10/4/2021,59979
11/4/2021,59988
12/4/2021,59911
13/4/2021,63577
14/4/2021,62807
15/4/2021,63180
16/4/2021,61497
17/4/2021,60274
18/4/2021,56289
19/4/2021,55721
20/4/2021,56295
21/4/2021,54190
22/4/2021,51966
23/4/2021,51191
24/4/2021,50133
25/4/2021,48981
26/4/2021,53979
27/4/2021,54992
28/4/2021,54811
29/4/2021,53597
30/4/2021,57829
1/5/2021,57813
2/5/2021,56601
3/5/2021,57200
4/5/2021,53464
5/5/2021,57432
6/5/2021,56508
7/5/2021,57362
8/5/2021,58772
9/5/2021,58214
10/5/2021,55902
11/5/2021,56929
12/5/2021,50005
13/5/2021,49973
14/5/2021,49913
15/5/2021,46781
16/5/2021,46585
17/5/2021,43781
18/5/2021,43091
19/5/2021,37287
20/5/2021,40438
21/5/2021,37340
22/5/2021,37520
23/5/2021,34978
24/5/2021,38642
25/5/2021,38211
26/5/2021,39407
27/5/2021,38643
28/5/2021,35710
29/5/2021,34775
30/5/2021,35715
31/5/2021,37341
1/6/2021,36680
2/6/2021,37686
3/6/2021,39151
4/6/2021,36939
5/6/2021,35547
6/6/2021,35834
7/6/2021,33451
8/6/2021,33557
9/6/2021,37554
10/6/2021,36903
11/6/2021,37289
12/6/2021,35666
13/6/2021,39148
14/6/2021,40625
15/6/2021,40378
16/6/2021,38321
17/6/2021,38194
18/6/2021,35881
19/6/2021,35582
20/6/2021,35787
21/6/2021,31712
22/6/2021,32508
23/6/2021,33703
24/6/2021,34675
25/6/2021,31943
26/6/2021,32024
27/6/2021,34607
28/6/2021,34557
29/6/2021,35969
30/6/2021,35171
1/7/2021,33678
2/7/2021,33951
3/7/2021,34730
4/7/2021,35394
5/7/2021,33928
6/7/2021,34150
7/7/2021,33932
8/7/2021,32934
9/7/2021,33971
10/7/2021,33705
11/7/2021,34300
12/7/2021,33263
13/7/2021,32676
14/7/2021,32879
15/7/2021,31726
16/7/2021,31400
17/7/2021,31589
18/7/2021,31919
19/7/2021,30928
20/7/2021,29972
21/7/2021,32384
22/7/2021,32409
23/7/2021,33456
24/7/2021,34214
25/7/2021,35456
26/7/2021,37282
27/7/2021,39077
28/7/2021,40031
29/7/2021,39978
30/7/2021,41936
31/7/2021,41754
1/8/2021,39915
2/8/2021,39279
3/8/2021,38368
4/8/2021,39752
5/8/2021,40825
6/8/2021,42802
7/8/2021,44648
8/8/2021,43753
9/8/2021,46311
10/8/2021,45640
11/8/2021,45652
12/8/2021,44495
13/8/2021,47717
14/8/2021,47089
15/8/2021,47025
16/8/2021,46032
17/8/2021,44534
18/8/2021,45015
19/8/2021,46745
20/8/2021,49196
21/8/2021,48934
22/8/2021,49251
23/8/2021,49519
24/8/2021,47941
25/8/2021,49003
26/8/2021,47229
27/8/2021,49083
28/8/2021,48937
29/8/2021,48907
30/8/2021,47124
31/8/2021,47335
1/9/2021,48823
2/9/2021,49339
3/9/2021,49935
4/9/2021,50013
5/9/2021,51696
6/9/2021,52740
7/9/2021,46995
8/9/2021,46085
9/9/2021,46519
10/9/2021,44803
11/9/2021,45196
12/9/2021,46195
13/9/2021,45140
14/9/2021,47135
15/9/2021,48187
16/9/2021,47879
17/9/2021,47229
18/9/2021,48267
19/9/2021,47371
20/9/2021,42933
21/9/2021,40387
22/9/2021,43587
23/9/2021,44981
24/9/2021,42752
25/9/2021,42857
26/9/2021,43337
27/9/2021,42247
28/9/2021,41010
29/9/2021,41588
30/9/2021,43859
1/10/2021,48182
2/10/2021,47778
3/10/2021,48283
4/10/2021,49260
5/10/2021,51669
6/10/2021,55415
7/10/2021,53895
8/10/2021,54011
9/10/2021,55125
10/10/2021,54712
11/10/2021,57573
12/10/2021,56335
13/10/2021,57488
14/10/2021,57452
15/10/2021,61809
16/10/2021,61166
17/10/2021,61584
18/10/2021,62018
19/10/2021,64518
20/10/2021,66238
21/10/2021,62541
22/10/2021,61029
23/10/2021,61572
24/10/2021,61173
25/10/2021,63228
26/10/2021,60604
27/10/2021,58641
28/10/2021,60768
29/10/2021,62283
30/10/2021,61837
31/10/2021,61472
1/11/2021,61122
2/11/2021,63247
3/11/2021,63131
4/11/2021,61602
5/11/2021,61247
6/11/2021,61661
7/11/2021,63153
8/11/2021,67617
9/11/2021,67145
10/11/2021,65061
11/11/2021,65006
12/11/2021,64432
13/11/2021,64660
14/11/2021,65649
15/11/2021,63934
16/11/2021,60449
17/11/2021,60604
18/11/2021,56987
19/11/2021,58459
20/11/2021,60083
21/11/2021,59140
22/11/2021,56387
23/11/2021,57749
24/11/2021,57198
25/11/2021,58898
26/11/2021,53828
27/11/2021,54533
28/11/2021,57238
29/11/2021,57849
30/11/2021,57011
1/12/2021,57169
2/12/2021,56508
3/12/2021,53786
4/12/2021,49162
5/12/2021,49268
6/12/2021,50462
7/12/2021,50648
8/12/2021,50530
9/12/2021,47886
10/12/2021,47304
11/12/2021,49242
12/12/2021,50051
13/12/2021,46696
14/12/2021,48411
15/12/2021,48937
16/12/2021,47695
17/12/2021,46329
18/12/2021,46970
19/12/2021,46807
20/12/2021,47117
21/12/2021,49145
22/12/2021,48756
23/12/2021,50901
24/12/2021,50889
25/12/2021,50663
26/12/2021,50853
27/12/2021,50774
28/12/2021,47725
29/12/2021,46507
30/12/2021,47192
31/12/2021,46320
1/1/2022,47816
2/1/2022,47387
3/1/2022,46531
4/1/2022,45938
5/1/2022,43647
6/1/2022,43216
7/1/2022,41527
8/1/2022,41757
9/1/2022,41862
10/1/2022,41870
11/1/2022,42777
12/1/2022,43982
13/1/2022,42608
14/1/2022,43121
15/1/2022,43227
16/1/2022,43120
17/1/2022,42298
18/1/2022,42395
19/1/2022,41750
20/1/2022,40708
21/1/2022,36509
22/1/2022,35180
23/1/2022,36306
24/1/2022,36774
25/1/2022,36989
26/1/2022,36870
27/1/2022,37277
28/1/2022,37853
29/1/2022,38232
30/1/2022,37983
31/1/2022,38556
1/2/2022,38836
2/2/2022,37001
3/2/2022,37101
4/2/2022,41674
5/2/2022,41494
6/2/2022,42476
7/2/2022,43911
8/2/2022,44184
9/2/2022,44384
10/2/2022,43628
11/2/2022,42445
12/2/2022,42255
13/2/2022,42248
14/2/2022,42635
15/2/2022,44574
16/2/2022,44063
17/2/2022,40563
18/2/2022,40073
19/2/2022,40193
20/2/2022,38514
21/2/2022,37060
22/2/2022,38337
23/2/2022,37372
24/2/2022,38363
25/2/2022,39316
26/2/2022,39090
27/2/2022,37804
28/2/2022,43225
1/3/2022,44460
2/3/2022,43981
3/3/2022,42492
4/3/2022,39200
5/3/2022,39463
6/3/2022,38443
7/3/2022,38076
8/3/2022,38733
9/3/2022,41986
10/3/2022,39468
11/3/2022,38775
12/3/2022,38904
13/3/2022,37853
14/3/2022,39669
15/3/2022,39332
16/3/2022,41166
17/3/2022,41002
18/3/2022,41837
19/3/2022,42202
20/3/2022,41283
21/3/2022,41062
22/3/2022,42402
23/3/2022,42802
24/3/2022,43936
25/3/2022,44332
26/3/2022,44511
27/3/2022,46715
28/3/2022,46995
29/3/2022,47459
30/3/2022,47063
31/3/2022,45528
1/4/2022,46270
2/4/2022,45842
3/4/2022,46435
4/4/2022,46623
5/4/2022,45635
6/4/2022,43199
7/4/2022,43515
8/4/2022,42316
9/4/2022,42796
10/4/2022,42275
11/4/2022,39604
12/4/2022,40206
13/4/2022,41205
14/4/2022,39959
15/4/2022,40587
16/4/2022,40450
17/4/2022,39739
18/4/2022,40834
19/4/2022,41498
20/4/2022,41397
21/4/2022,40529
22/4/2022,39757
23/4/2022,39562
24/4/2022,39469
25/4/2022,40489
26/4/2022,38134
27/4/2022,39238
28/4/2022,39742
29/4/2022,38651
30/4/2022,37821
1/5/2022,38538
2/5/2022,38562
3/5/2022,37758
4/5/2022,39699
5/5/2022,36612
6/5/2022,36116
7/5/2022,35573
8/5/2022,34070
9/5/2022,30270
10/5/2022,31027
11/5/2022,28913
12/5/2022,29126
13/5/2022,29311
14/5/2022,30189
15/5/2022,31319
16/5/2022,29924
17/5/2022,30502
18/5/2022,28772
19/5/2022,30382
20/5/2022,29257
21/5/2022,29492
22/5/2022,30351
23/5/2022,29163
24/5/2022,29655
25/5/2022,29585
26/5/2022,29347
27/5/2022,28647
28/5/2022,29088
29/5/2022,29493
30/5/2022,31741
31/5/2022,31866
1/6/2022,29833
2/6/2022,30481
3/6/2022,29714
4/6/2022,29872
5/6/2022,29918
6/6/2022,31373
7/6/2022,31265
8/6/2022,30229
9/6/2022,30101
10/6/2022,29101
11/6/2022,28374
12/6/2022,26767
13/6/2022,22526
14/6/2022,22245
15/6/2022,22529
16/6/2022,20409
17/6/2022,20473
18/6/2022,19047
19/6/2022,20516
20/6/2022,20637
21/6/2022,20701
22/6/2022,19983
23/6/2022,21100
24/6/2022,21263
25/6/2022,21526
26/6/2022,21053
27/6/2022,20751
28/6/2022,20283
29/6/2022,20109
30/6/2022,19608
1/7/2022,19407
2/7/2022,19268
3/7/2022,19310
4/7/2022,20257
5/7/2022,20189
6/7/2022,20567
7/7/2022,21661
8/7/2022,21859
9/7/2022,21590
10/7/2022,20860
11/7/2022,19998
12/7/2022,19350
13/7/2022,20225
14/7/2022,20575
15/7/2022,20795
16/7/2022,21193
17/7/2022,20824
18/7/2022,22395
19/7/2022,23367
20/7/2022,23313
21/7/2022,23155
22/7/2022,22697
23/7/2022,22506
24/7/2022,22614
25/7/2022,21330
26/7/2022,21236
27/7/2022,22909
28/7/2022,23822
29/7/2022,23848
30/7/2022,23653
31/7/2022,23380
1/8/2022,23334
2/8/2022,23054
3/8/2022,22860
4/8/2022,22678
5/8/2022,23225
6/8/2022,22985
7/8/2022,23198
8/8/2022,23824
9/8/2022,23204
10/8/2022,23949
11/8/2022,23949
12/8/2022,24411
13/8/2022,24434
14/8/2022,24313
15/8/2022,24179
16/8/2022,23913
17/8/2022,23359
18/8/2022,23248
19/8/2022,20946
20/8/2022,21175
21/8/2022,21616
22/8/2022,21388
23/8/2022,21562
24/8/2022,21395
25/8/2022,21618
26/8/2022,20271
27/8/2022,20070
28/8/2022,19659
29/8/2022,20309
30/8/2022,19805
31/8/2022,20154
1/9/2022,20154
2/9/2022,19941
3/9/2022,19814
4/9/2022,19980
5/9/2022,19785
6/9/2022,18859
7/9/2022,19280
8/9/2022,19322
9/9/2022,21360
10/9/2022,21707
11/9/2022,21740
12/9/2022,22340
13/9/2022,20185
14/9/2022,20256
15/9/2022,19702
16/9/2022,19764
17/9/2022,20132
18/9/2022,19437
19/9/2022,19570
20/9/2022,18869
21/9/2022,18539
22/9/2022,19464
23/9/2022,19291
24/9/2022,18939
25/9/2022,18809
26/9/2022,19219
27/9/2022,19116
28/9/2022,19444
29/9/2022,19563
30/9/2022,19476
1/10/2022,19314
2/10/2022,19065
3/10/2022,19620
4/10/2022,20345
5/10/2022,20162
6/10/2022,19949
7/10/2022,19457
8/10/2022,19418
9/10/2022,19448
10/10/2022,19142
11/10/2022,19058
12/10/2022,19153
13/10/2022,19383
14/10/2022,19198
15/10/2022,19072
16/10/2022,19272
17/10/2022,19557
18/10/2022,19348
19/10/2022,19134
20/10/2022,19031
21/10/2022,19173
22/10/2022,19203
23/10/2022,19574
24/10/2022,19316
25/10/2022,20095
26/10/2022,20774
27/10/2022,20278
28/10/2022,20591
29/10/2022,20801
30/10/2022,20624
31/10/2022,20495
1/11/2022,20490
2/11/2022,20163
3/11/2022,20211
4/11/2022,21150
5/11/2022,21283
6/11/2022,20907
7/11/2022,20598
8/11/2022,18562
9/11/2022,15742
10/11/2022,17594
11/11/2022,17080
12/11/2022,16797
13/11/2022,16344
14/11/2022,16645
15/11/2022,16890
16/11/2022,16689
17/11/2022,16718
18/11/2022,16707
19/11/2022,16712
20/11/2022,16304
21/11/2022,15814
22/11/2022,16171
23/11/2022,16608
24/11/2022,16596
25/11/2022,16524
26/11/2022,16456
27/11/2022,16459
28/11/2022,16222
29/11/2022,16441
30/11/2022,17186
1/12/2022,16972
2/12/2022,17084
3/12/2022,16923
4/12/2022,17149
5/12/2022,16973
6/12/2022,17085
7/12/2022,16851
8/12/2022,17235
9/12/2022,17149
10/12/2022,17125
11/12/2022,17101
12/12/2022,17179
13/12/2022,17784
14/12/2022,17808
15/12/2022,17338
16/12/2022,16623
17/12/2022,16806
18/12/2022,16742
19/12/2022,16422
20/12/2022,16899
21/12/2022,16816
22/12/2022,16824
23/12/2022,16791
24/12/2022,16848
25/12/2022,16842
26/12/2022,16900
27/12/2022,16701
28/12/2022,16538
29/12/2022,16644
30/12/2022,16604
31/12/2022,16540
1/1/2023,16615
2/1/2023,16674
3/1/2023,16677
4/1/2023,16855
5/1/2023,16832
6/1/2023,16960
7/1/2023,16950
8/1/2023,17074
9/1/2023,17194
10/1/2023,17436
11/1/2023,17996
12/1/2023,18866
13/1/2023,19941
14/1/2023,21019
15/1/2023,20853
16/1/2023,21175
17/1/2023,21157
18/1/2023,20727
19/1/2023,21082
20/1/2023,22706
21/1/2023,22771
22/1/2023,22737
23/1/2023,22985
24/1/2023,22610
25/1/2023,23180
26/1/2023,23025
27/1/2023,23083
28/1/2023,23022
29/1/2023,23797
30/1/2023,22840
31/1/2023,23137
1/2/2023,23725
2/2/2023,23540
3/2/2023,23452
4/2/2023,23340
5/2/2023,22946
6/2/2023,22786
7/2/2023,23295
8/2/2023,22948
9/2/2023,21821
10/2/2023,21630
11/2/2023,21889
12/2/2023,21780
13/2/2023,21808
14/2/2023,22220
15/2/2023,24308
16/2/2023,23757
17/2/2023,24629
18/2/2023,24643
19/2/2023,24284
20/2/2023,24787
21/2/2023,24417
22/2/2023,24146
23/2/2023,23951
24/2/2023,23172
25/2/2023,23157
26/2/2023,23541
27/2/2023,23518
28/2/2023,23156
1/3/2023,23634
2/3/2023,23464
3/3/2023,22367
4/3/2023,22348
5/3/2023,22422
6/3/2023,22415
7/3/2023,22217
8/3/2023,21713
9/3/2023,20376
10/3/2023,20195
11/3/2023,20522
12/3/2023,22096
13/3/2023,24179
14/3/2023,24759
15/3/2023,24471
16/3/2023,25161
17/3/2023,27467
18/3/2023,27108
19/3/2023,28187
20/3/2023,27929
21/3/2023,28264
22/3/2023,27449
23/3/2023,28460
24/3/2023,27595
25/3/2023,27670
26/3/2023,28048
27/3/2023,27182
28/3/2023,27291
29/3/2023,28395
30/3/2023,28041
31/3/2023,28517
1/4/2023,28499
2/4/2023,28237
3/4/2023,27815
4/4/2023,28175
5/4/2023,28197
6/4/2023,28043
7/4/2023,27934
8/4/2023,27968
9/4/2023,28351
10/4/2023,29658
11/4/2023,30261
12/4/2023,29904
13/4/2023,30405
14/4/2023,30468
15/4/2023,30312
16/4/2023,30305
17/4/2023,29467
18/4/2023,30366
19/4/2023,28833
20/4/2023,28256
21/4/2023,27300
22/4/2023,27862
23/4/2023,27607
24/4/2023,27512
25/4/2023,28351
26/4/2023,28352
27/4/2023,29484
28/4/2023,29340
29/4/2023,29218
30/4/2023,29362
1/5/2023,28126
2/5/2023,28654
3/5/2023,28988
4/5/2023,28846
5/5/2023,29520
6/5/2023,28888
7/5/2023,28611
8/5/2023,27697
9/5/2023,27607
10/5/2023,27640
11/5/2023,27025
12/5/2023,26788
13/5/2023,26798
14/5/2023,26912
15/5/2023,27228
16/5/2023,27023
17/5/2023,27390
18/5/2023,26843
19/5/2023,26884
20/5/2023,27094
21/5/2023,26774
22/5/2023,26870
23/5/2023,27223
24/5/2023,26339
25/5/2023,26476
26/5/2023,26718
27/5/2023,26848
28/5/2023,28110
29/5/2023,27760
30/5/2023,27714
31/5/2023,27245
1/6/2023,26824
2/6/2023,27248
3/6/2023,27066
4/6/2023,27315
5/6/2023,25793
6/6/2023,27217
7/6/2023,26346
8/6/2023,26508
9/6/2023,26470
10/6/2023,25858
11/6/2023,25917
12/6/2023,25910
13/6/2023,25872
14/6/2023,25108
15/6/2023,25565
16/6/2023,26327
17/6/2023,26501
18/6/2023,26333
19/6/2023,26779
20/6/2023,28331
21/6/2023,30102
22/6/2023,29936
23/6/2023,30629
24/6/2023,30538
25/6/2023,30455
26/6/2023,30286
27/6/2023,30694
28/6/2023,30083
29/6/2023,30467
30/6/2023,30481
1/7/2023,30584
2/7/2023,30572
3/7/2023,31135
4/7/2023,30776
5/7/2023,30485
6/7/2023,29990
7/7/2023,30315
8/7/2023,30264
9/7/2023,30170
10/7/2023,30394
11/7/2023,30621
12/7/2023,30407
13/7/2023,31446
14/7/2023,30312
15/7/2023,30298
16/7/2023,30237
17/7/2023,30148
18/7/2023,29848
19/7/2023,29920
20/7/2023,29787
21/7/2023,29915
22/7/2023,29710
23/7/2023,30058
24/7/2023,29185
25/7/2023,29223
26/7/2023,29364
27/7/2023,29200
28/7/2023,29314
29/7/2023,29357
30/7/2023,29278
31/7/2023,29233
1/8/2023,29537
2/8/2023,29147
3/8/2023,29176
4/8/2023,29088
5/8/2023,29047
6/8/2023,29044
7/8/2023,29178
8/8/2023,29780
9/8/2023,29585
10/8/2023,29424
11/8/2023,29397
12/8/2023,29412
13/8/2023,29285
14/8/2023,29401
15/8/2023,29170
16/8/2023,28754
17/8/2023,26502
18/8/2023,26043
19/8/2023,26105
20/8/2023,26161
21/8/2023,26119
22/8/2023,26034
23/8/2023,26450
24/8/2023,26135
25/8/2023,26044
26/8/2023,26002
27/8/2023,26083
28/8/2023,26109
29/8/2023,27731
30/8/2023,27297
31/8/2023,25927
1/9/2023,25812
2/9/2023,25854
3/9/2023,25960
4/9/2023,25829
5/9/2023,25784
6/9/2023,25753
7/9/2023,26192
8/9/2023,25907
9/9/2023,25889
10/9/2023,25835
11/9/2023,25133
12/9/2023,25867
13/9/2023,26223
14/9/2023,26531
15/9/2023,26635
16/9/2023,26558
17/9/2023,26521
18/9/2023,26741
19/9/2023,27219
20/9/2023,27116
21/9/2023,26561
22/9/2023,26572
23/9/2023,26574
24/9/2023,26250
25/9/2023,26299
26/9/2023,26205
27/9/2023,26350
28/9/2023,27009
29/9/2023,26917
30/9/2023,26970
1/10/2023,27968
2/10/2023,27615
3/10/2023,27439
4/10/2023,27792
5/10/2023,27436
6/10/2023,27958
7/10/2023,27978
8/10/2023,27948
9/10/2023,27594
10/10/2023,27392
11/10/2023,26842
12/10/2023,26729
13/10/2023,26841
14/10/2023,26863
15/10/2023,27150
16/10/2023,28513
17/10/2023,28418
18/10/2023,28328
19/10/2023,28716
20/10/2023,29677
21/10/2023,29920
22/10/2023,30019
23/10/2023,32953
24/10/2023,33847
25/10/2023,34472
26/10/2023,34174
27/10/2023,33899
28/10/2023,34093
29/10/2023,34556
30/10/2023,34499
31/10/2023,34672
1/11/2023,35457
2/11/2023,34924
3/11/2023,34731
4/11/2023,35048
5/11/2023,35062
6/11/2023,35031
7/11/2023,35437
8/11/2023,35795
9/11/2023,36768
10/11/2023,37344
11/11/2023,37123
12/11/2023,37068
13/11/2023,36549
14/11/2023,35545
15/11/2023,37904
16/11/2023,36202
17/11/2023,36528
18/11/2023,36582
19/11/2023,37414
20/11/2023,37489
21/11/2023,35965
22/11/2023,37465
23/11/2023,37293
24/11/2023,37739
25/11/2023,37810
26/11/2023,37492
27/11/2023,37250
28/11/2023,37802
29/11/2023,37810
30/11/2023,37712
1/12/2023,38688
2/12/2023,39482
3/12/2023,39960
4/12/2023,41974
5/12/2023,44106
6/12/2023,43788
7/12/2023,43270
8/12/2023,44202
9/12/2023,43745
10/12/2023,43758
11/12/2023,41201
12/12/2023,41451
13/12/2023,42932
14/12/2023,43010
15/12/2023,41992
16/12/2023,42247
17/12/2023,41411
18/12/2023,42684
19/12/2023,42250
20/12/2023,43634
21/12/2023,43850
22/12/2023,44004
23/12/2023,43752
24/12/2023,43035
25/12/2023,43638
26/12/2023,42516
27/12/2023,43418
28/12/2023,42601
29/12/2023,42075
30/12/2023,42221
31/12/2023,42208
1/1/2024,44169
2/1/2024,44995
3/1/2024,42822
4/1/2024,44196
5/1/2024,44114
6/1/2024,43956
7/1/2024,43884
8/1/2024,46936
9/1/2024,46106
10/1/2024,46632
11/1/2024,46314
12/1/2024,42894
13/1/2024,42848
14/1/2024,41801
15/1/2024,42587
16/1/2024,43148
17/1/2024,42714
18/1/2024,41261
19/1/2024,41601
20/1/2024,41626
21/1/2024,41542
22/1/2024,39505
23/1/2024,39833
24/1/2024,40124
25/1/2024,39938
26/1/2024,41863
27/1/2024,42120
28/1/2024,42027
29/1/2024,43268
30/1/2024,42892
31/1/2024,42583
1/2/2024,43069
2/2/2024,43171
3/2/2024,42977
4/2/2024,42599
5/2/2024,42648
6/2/2024,43088
7/2/2024,44247
8/2/2024,45338
9/2/2024,47143
10/2/2024,47769
11/2/2024,48190
12/2/2024,50050
13/2/2024,49732
14/2/2024,51790
15/2/2024,51958
16/2/2024,52166
17/2/2024,51685
18/2/2024,52138
19/2/2024,51764
20/2/2024,52287
21/2/2024,51843
22/2/2024,51320
23/2/2024,50841
24/2/2024,51553
25/2/2024,51752
26/2/2024,54478
27/2/2024,57004
28/2/2024,62559
29/2/2024,61298
1/3/2024,62427
2/3/2024,62068
3/3/2024,63053
4/3/2024,68187
5/3/2024,64292
6/3/2024,66146
7/3/2024,66945
8/3/2024,68315
9/3/2024,68508
10/3/2024,69076
11/3/2024,72131
12/3/2024,71467
13/3/2024,73098
14/3/2024,71420
15/3/2024,69498
16/3/2024,65292
17/3/2024,68425
18/3/2024,67709
19/3/2024,62133
20/3/2024,67819
21/3/2024,65536
22/3/2024,63509
23/3/2024,64286
24/3/2024,67311
25/3/2024,69939
26/3/2024,70082
27/3/2024,69436
28/3/2024,70710
29/3/2024,69919
30/3/2024,69702
31/3/2024,71247
1/4/2024,69786
2/4/2024,65440
3/4/2024,66124
4/4/2024,68542
5/4/2024,67979
6/4/2024,69001
7/4/2024,69402
8/4/2024,71624
9/4/2024,69159
10/4/2024,70528
11/4/2024,70107
12/4/2024,67252
13/4/2024,64405
14/4/2024,65753
15/4/2024,63431
16/4/2024,63721
17/4/2024,61329
18/4/2024,63462
19/4/2024,63989
20/4/2024,64894
21/4/2024,64936
22/4/2024,66842
23/4/2024,66407
24/4/2024,64280
25/4/2024,64486
26/4/2024,63802
27/4/2024,63517
28/4/2024,63030
29/4/2024,63798
30/4/2024,60749
1/5/2024,58298
2/5/2024,59135
3/5/2024,62839
4/5/2024,63820
5/5/2024,64010
6/5/2024,63172
7/5/2024,62363
8/5/2024,61216
9/5/2024,63149
10/5/2024,60888
11/5/2024,60777
12/5/2024,61507
13/5/2024,62879
14/5/2024,61569
15/5/2024,66221
16/5/2024,65261
17/5/2024,67053
18/5/2024,66913
19/5/2024,66253
20/5/2024,71430
21/5/2024,70190
22/5/2024,69181
23/5/2024,67906
24/5/2024,68540
25/5/2024,69268
26/5/2024,68509
27/5/2024,69367
28/5/2024,68317
29/5/2024,67577
30/5/2024,68372
31/5/2024,67475
1/6/2024,67704
2/6/2024,67740
3/6/2024,68808
4/6/2024,70600
5/6/2024,71185
6/6/2024,70760
7/6/2024,69325
8/6/2024,69315
9/6/2024,69654
10/6/2024,69493
11/6/2024,67329
12/6/2024,68225
13/6/2024,66700
14/6/2024,66011
15/6/2024,66190
16/6/2024,66616
17/6/2024,66460
18/6/2024,65109
19/6/2024,64907
20/6/2024,64845
21/6/2024,64072
22/6/2024,64240
23/6/2024,63221
24/6/2024,60363
25/6/2024,61770
26/6/2024,60750
27/6/2024,61563
28/6/2024,60317
29/6/2024,60864
30/6/2024,62734
1/7/2024,62820
2/7/2024,62043
3/7/2024,60245
4/7/2024,57189
5/7/2024,56740
6/7/2024,58230
7/7/2024,55880
8/7/2024,56665
9/7/2024,57988
10/7/2024,57704
11/7/2024,57388
12/7/2024,57899
13/7/2024,59153
14/7/2024,60942
15/7/2024,64835
16/7/2024,65162
17/7/2024,64136
18/7/2024,63960
19/7/2024,66690
20/7/2024,67206
21/7/2024,68088
22/7/2024,67608
23/7/2024,65942
24/7/2024,65404
25/7/2024,65750
26/7/2024,67920
27/7/2024,68055
28/7/2024,68242
29/7/2024,66770
30/7/2024,66219
31/7/2024,64680
1/8/2024,65358
2/8/2024,61407
3/8/2024,60739
4/8/2024,58006
5/8/2024,53956
6/8/2024,55960
7/8/2024,55100
8/8/2024,61859
9/8/2024,60913
10/8/2024,60888
11/8/2024,58804
12/8/2024,59350
13/8/2024,60601
14/8/2024,58739
15/8/2024,57624
16/8/2024,58882
17/8/2024,59431
18/8/2024,58438
19/8/2024,59575
20/8/2024,59060
21/8/2024,61145
22/8/2024,60388
23/8/2024,64050
24/8/2024,64157
25/8/2024,64266
26/8/2024,62923
27/8/2024,59527
28/8/2024,59015
29/8/2024,59352
30/8/2024,59156
31/8/2024,58960
1/9/2024,57358
2/9/2024,59109
3/9/2024,57505
4/9/2024,57988
5/9/2024,56132
6/9/2024,53923
7/9/2024,54151
8/9/2024,54792
9/9/2024,57049
10/9/2024,57624
11/9/2024,57382
12/9/2024,58107
13/9/2024,60621
14/9/2024,60003
15/9/2024,59215
16/9/2024,58211
17/9/2024,60317
18/9/2024,61440
19/9/2024,62967
20/9/2024,63128
21/9/2024,63403
22/9/2024,63583
23/9/2024,63327
24/9/2024,64334
25/9/2024,63152
26/9/2024,65131
27/9/2024,65791
28/9/2024,65934
29/9/2024,65664
30/9/2024,63243
1/10/2024,60873
2/10/2024,60656
3/10/2024,60728
4/10/2024,62103
5/10/2024,62092
6/10/2024,62812
7/10/2024,62287
8/10/2024,62185
9/10/2024,60597
10/10/2024,60195
11/10/2024,62392
12/10/2024,63208
13/10/2024,62830
14/10/2024,66050
15/10/2024,66962
16/10/2024,67648
17/10/2024,67328
18/10/2024,68466
19/10/2024,68389
20/10/2024,68963
21/10/2024,67395
22/10/2024,67351
23/10/2024,66684
24/10/2024,68214
25/10/2024,66586
26/10/2024,67018
27/10/2024,67939
28/10/2024,69845
29/10/2024,72781
30/10/2024,72343
31/10/2024,70265
1/11/2024,69508
2/11/2024,69299
3/11/2024,68804
4/11/2024,67793
5/11/2024,69335
6/11/2024,75621
7/11/2024,75987
8/11/2024,76550
9/11/2024,76630
10/11/2024,80467
11/11/2024,88637
12/11/2024,88265
13/11/2024,90488
14/11/2024,87408
15/11/2024,90948
16/11/2024,90606
17/11/2024,89841
18/11/2024,90535
19/11/2024,92252
20/11/2024,94217
21/11/2024,98509
22/11/2024,98927
23/11/2024,97679
24/11/2024,98016
25/11/2024,93005
26/11/2024,91932
27/11/2024,95981
28/11/2024,95662
29/11/2024,97453
30/11/2024,96513
1/12/2024,97312
2/12/2024,95833
3/12/2024,96032
4/12/2024,98881
5/12/2024,97202
6/12/2024,99974
7/12/2024,99782
8/12/2024,101235
9/12/2024,97354
10/12/2024,96650
11/12/2024,101124
12/12/2024,100001
13/12/2024,101352
14/12/2024,101367
15/12/2024,104722
16/12/2024,106074
17/12/2024,106035
18/12/2024,100356
19/12/2024,97851
20/12/2024,97691
21/12/2024,97203
22/12/2024,95094
23/12/2024,94645
24/12/2024,98696
25/12/2024,99345
26/12/2024,95678
27/12/2024,94332
28/12/2024,95185
29/12/2024,93663
30/12/2024,92627
31/12/2024,93508
1/1/2025,94384
2/1/2025,96852
3/1/2025,98084
4/1/2025,98257
5/1/2025,98365
6/1/2025,102229
7/1/2025,96952
8/1/2025,95017
9/1/2025,92376
10/1/2025,94737
11/1/2025,94560
12/1/2025,94455
13/1/2025,94456
14/1/2025,96574
15/1/2025,100313
16/1/2025,100045
17/1/2025,104161
18/1/2025,104335
19/1/2025,101275
20/1/2025,101765
21/1/2025,106182
22/1/2025,103674
23/1/2025,104068
24/1/2025,104835
25/1/2025,104796
26/1/2025,102552
27/1/2025,101958
28/1/2025,101313
29/1/2025,103719
30/1/2025,104782
31/1/2025,102382
1/2/2025,100675
2/2/2025,101467
3/2/2025,98118
4/2/2025,96583
5/2/2025,96635
6/2/2025,96558
7/2/2025,96558
8/2/2025,96549
9/2/2025,97400
10/2/2025,95740
11/2/2025,97836
12/2/2025,96562
13/2/2025,97488
14/2/2025,97570
15/2/2025,96149
16/2/2025,95776
17/2/2025,95496
18/2/2025,96555
19/2/2025,96135
20/2/2025,96135
21/2/2025,96564
22/2/2025,96327
23/2/2025,91397
24/2/2025,88756
25/2/2025,83900
26/2/2025,84709
27/2/2025,84442
28/2/2025,86005
1/3/2025,94262
2/3/2025,86125
3/3/2025,87311
4/3/2025,90604
5/3/2025,90001
6/3/2025,86773
7/3/2025,86143
8/3/2025,80751
9/3/2025,78784
10/3/2025,82799
11/3/2025,83884
12/3/2025,81099
13/3/2025,83972
14/3/2025,84392
15/3/2025,82611
16/3/2025,84075
17/3/2025,82780
18/3/2025,86815
19/3/2025,84271
20/3/2025,84010
21/3/2025,83793
22/3/2025,85788
23/3/2025,87328
24/3/2025,87521
25/3/2025,86961
26/3/2025,87227
27/3/2025,84359
28/3/2025,82679
29/3/2025,82356
30/3/2025,82514
31/3/2025,85238
1/4/2025,82526
2/4/2025,83164
3/4/2025,83852
4/4/2025,83596
5/4/2025,78211
6/4/2025,79179
7/4/2025,76329
8/4/2025,82622
9/4/2025,79596
10/4/2025,83439
11/4/2025,85305
12/4/2025,83601
13/4/2025,84523
14/4/2025,83656
15/4/2025,84106
16/4/2025,84931
17/4/2025,84434
18/4/2025,85127
19/4/2025,85073
20/4/2025,87452
21/4/2025,93576
22/4/2025,93605
23/4/2025,93873
24/4/2025,93873
25/4/2025,94773
26/4/2025,94644
27/4/2025,93809
28/4/2025,95031
29/4/2025,94256
30/4/2025,94236
1/5/2025,96427
2/5/2025,96856
3/5/2025,95923
4/5/2025,94327
5/5/2025,94759
6/5/2025,96855
7/5/2025,97026
8/5/2025,103076
9/5/2025,102963
10/5/2025,104631
11/5/2025,103994
12/5/2025,102877
13/5/2025,104184
14/5/2025,103594
15/5/2025,103709
16/5/2025,103556
17/5/2025,103212
18/5/2025,106031
19/5/2025,105629
20/5/2025,106787
21/5/2025,109666
22/5/2025,111560
23/5/2025,107217
24/5/2025,107831
25/5/2025,108862
26/5/2025,109378
27/5/2025,109068
28/5/2025,107838
29/5/2025,105745
30/5/2025,104011
31/5/2025,104688
1/6/2025,105710
2/6/2025,105885
3/6/2025,105434
4/6/2025,104813
5/6/2025,101651
6/6/2025,104410
7/6/2025,105681
8/6/2025,105692
9/6/2025,110262
10/6/2025,110213
11/6/2025,108680
12/6/2025,105979
13/6/2025,106046
14/6/2025,105483
15/6/2025,105554
16/6/2025,106951
17/6/2025,104683
18/6/2025,104723
19/6/2025,104691
20/6/2025,103290
21/6/2025,101533
22/6/2025,100853
23/6/2025,105512
24/6/2025,105976
25/6/2025,107239
26/6/2025,106984
27/6/2025,107079
28/6/2025,107332
29/6/2025,108397
30/6/2025,107133
1/7/2025,105613
2/7/2025,108824
3/7/2025,109602
4/7/2025,108041
5/7/2025,108217
6/7/2025,109215
7/7/2025,108301
8/7/2025,108953
9/7/2025,111328
10/7/2025,115880
11/7/2025,117571
12/7/2025,117419
13/7/2025,119118
14/7/2025,119834
15/7/2025,117678
16/7/2025,118748
17/7/2025,119445
18/7/2025,117989
19/7/2025,117902
20/7/2025,117257
21/7/2025,117482
22/7/2025,119956
23/7/2025,118629
24/7/2025,118354
25/7/2025,117541
26/7/2025,117960
27/7/2025,119419
28/7/2025,118003
29/7/2025,117853
30/7/2025,117833
31/7/2025,115700
1/8/2025,113235
2/8/2025,112555
3/8/2025,114199
4/8/2025,115139
5/8/2025,114128
6/8/2025,115022
7/8/2025,117463
8/8/2025,116688
9/8/2025,116510
10/8/2025,119267
11/8/2025,118774
12/8/2025,120203
13/8/2025,123561
14/8/2025,118406
15/8/2025,117340
16/8/2025,117501
17/8/2025,117543
18/8/2025,116256
19/8/2025,112778
20/8/2025,114252
21/8/2025,112414
22/8/2025,116834
23/8/2025,115360
24/8/2025,113400
25/8/2025,110185
26/8/2025,111843
27/8/2025,111216
28/8/2025,112526
29/8/2025,108480
30/8/2025,108782
31/8/2025,108253
1/9/2025,109163
2/9/2025,111190
3/9/2025,111712
4/9/2025,110725
5/9/2025,110662
6/9/2025,110209
7/9/2025,111132
8/9/2025,112025
9/9/2025,111547
10/9/2025,113975
11/9/2025,115503
12/9/2025,116160
13/9/2025,115971
14/9/2025,115374
15/9/2025,115397
16/9/2025,116763
17/9/2025,116456
18/9/2025,117145
19/9/2025,115656
20/9/2025,115716
21/9/2025,115304
22/9/2025,112697
23/9/2025,112022
24/9/2025,113321
25/9/2025,108964
26/9/2025,109710
27/9/2025,109655
28/9/2025,112143
29/9/2025,114309
30/9/2025,114024
1/10/2025,118503
2/10/2025,120612
3/10/2025,122250
4/10/2025,122381
5/10/2025,123506
6/10/2025,124774
7/10/2025,121519
8/10/2025,123353
9/10/2025,121698
10/10/2025,113202
11/10/2025,110853
12/10/2025,115190
13/10/2025,115222
14/10/2025,113157
15/10/2025,110709
16/10/2025,108077
17/10/2025,106444
18/10/2025,107156
19/10/2025,108621
20/10/2025,110609
21/10/2025,108486
22/10/2025,107618
23/10/2025,110049
24/10/2025,110998
25/10/2025,111620
26/10/2025,114476
27/10/2025,114183
28/10/2025,112950
29/10/2025,110047
30/10/2025,108241
31/10/2025,109574
1/11/2025,110014
2/11/2025,110650
3/11/2025,106521
4/11/2025,101635
5/11/2025,103878
6/11/2025,101323
7/11/2025,103396
8/11/2025,102290
9/11/2025,104710
10/11/2025,105909
11/11/2025,102961
12/11/2025,101522
13/11/2025,99730
14/11/2025,94456
15/11/2025,95508
16/11/2025,94411
17/11/2025,92037
18/11/2025,92820
19/11/2025,91363
20/11/2025,86650
21/11/2025,85052
22/11/2025,84683
23/11/2025,86784
24/11/2025,88229
25/11/2025,87310
26/11/2025,90474
27/11/2025,91279
28/11/2025,90950
29/11/2025,90841
30/11/2025,90406
1/12/2025,86281
2/12/2025,91345
3/12/2025,93619
4/12/2025,92141
5/12/2025,89307
6/12/2025,89245
7/12/2025,90163
8/12/2025,90618
9/12/2025,92723
10/12/2025,92005
11/12/2025,92494
12/12/2025,90307
13/12/2025,90257
14/12/2025,88231
15/12/2025,86414
16/12/2025,87822
17/12/2025,86065
18/12/2025,85450
19/12/2025,88104
20/12/2025,88348
21/12/2025,88577
22/12/2025,88491
23/12/2025,87406
24/12/2025,87643
25/12/2025,87230
26/12/2025,87306
27/12/2025,87807
28/12/2025,87823
29/12/2025,87157
30/12/2025,88415
31/12/2025,87520
1/1/2026,88728
2/1/2026,89926
3/1/2026,90594
4/1/2026,91373
5/1/2026,93927
6/1/2026,93667
7/1/2026,91257
8/1/2026,90984
9/1/2026,90505
10/1/2026,90442
11/1/2026,90819
12/1/2026,91135
13/1/2026,95260
14/1/2026,97008
15/1/2026,95585
16/1/2026,95516
17/1/2026,95100
18/1/2026,93753
19/1/2026,92558
20/1/2026,88313
21/1/2026,89354
22/1/2026,89443
23/1/2026,89412
24/1/2026,89171
25/1/2026,86548
26/1/2026,88308
27/1/2026,89204
28/1/2026,89162
29/1/2026,84570
30/1/2026,84142
31/1/2026,78647
1/2/2026,76973
2/2/2026,78816
3/2/2026,75570
4/2/2026,73323
5/2/2026,63366
6/2/2026,60000
7/2/2026,69289
8/2/2026,70492
9/2/2026,70242
10/2/2026,68736
11/2/2026,66962
12/2/2026,66178
13/2/2026,68890
14/2/2026,69788
15/2/2026,68678
16/2/2026,68805
17/2/2026,67508
18/2/2026,66442
19/2/2026,66942
20/2/2026,67970
21/2/2026,68020
22/2/2026,67518
23/2/2026,64629
24/2/2026,64119
25/2/2026,67776
26/2/2026,67489
27/2/2026,65869
28/2/2026,67005
1/3/2026,65737
2/3/2026,68925
3/3/2026,68463
4/3/2026,72794
5/3/2026,70889
6/3/2026,68222
7/3/2026,67285
8/3/2026,66071
9/3/2026,68552
10/3/2026,69914
11/3/2026,70180
12/3/2026,70536
13/3/2026,70983
14/3/2026,71137
15/3/2026,72704
16/3/2026,74878
17/3/2026,74008
18/3/2026,71335
19/3/2026,69850
20/3/2026,70479
21/3/2026,69757
22/3/2026,68049
23/3/2026,70746
24/3/2026,70573
25/3/2026,71227
26/3/2026,68712
27/3/2026,66305
28/3/2026,66302
29/3/2026,66042
30/3/2026,66686
31/3/2026,68185
1/4/2026,68122
2/4/2026,66876
3/4/2026,66901
4/4/2026,67289
5/4/2026,68995
6/4/2026,68809
7/4/2026,72196
8/4/2026,71099
9/4/2026,71756
10/4/2026,72959
11/4/2026,73124
12/4/2026,70640
13/4/2026,74559
14/4/2026,74232
15/4/2026,74736
16/4/2026,75090
17/4/2026,77264
18/4/2026,75766
19/4/2026,73900
20/4/2026,75791
21/4/2026,76360
22/4/2026,78311
23/4/2026,78295
24/4/2026,77439
25/4/2026,77621
26/4/2026,78678
27/4/2026,77305
28/4/2026,76310
29/4/2026,75810
30/4/2026,76305
1/5/2026,78126
2/5/2026,78731
3/5/2026,78555
4/5/2026,79750
5/5/2026,80884
6/5/2026,81337
7/5/2026,79974
8/5/2026,80126
9/5/2026,80654
10/5/2026,82331
11/5/2026,81739
12/5/2026,80442
13/5/2026,79278
14/5/2026,81080
15/5/2026,79066
16/5/2026,78193
17/5/2026,77158
18/5/2026,76966
19/5/2026,76868
20/5/2026,77441
21/5/2026,77626
22/5/2026,75409
23/5/2026,76636
24/5/2026,77044
25/5/2026,77258
26/5/2026,75794
27/5/2026,74163
28/5/2026,73447
29/5/2026,73327
30/5/2026,73719
31/5/2026,73512
1/6/2026,71399
2/6/2026,66469
3/6/2026,64222
4/6/2026,63670
5/6/2026,60960
6/6/2026,60817
7/6/2026,63335
8/6/2026,62995
9/6/2026,61599
10/6/2026,61463
11/6/2026,63556
12/6/2026,63489
13/6/2026,64396
14/6/2026,65608
15/6/2026,66243
16/6/2026,65638
17/6/2026,64403
18/6/2026,62818
19/6/2026,63251
20/6/2026,64220
21/6/2026,63278
22/6/2026,63909
23/6/2026,62662
24/6/2026,60905
25/6/2026,59976
26/6/2026,59932
27/6/2026,59935
28/6/2026,59654
29/6/2026,60196
30/6/2026,58567
1/7/2026,60069
2/7/2026,61451
3/7/2026,62538
4/7/2026,63139
5/7/2026,63562
6/7/2026,64073
7/7/2026,63390
8/7/2026,61981
9/7/2026,63206
10/7/2026,64109
11/7/2026,64234
12/7/2026,63701
13/7/2026,62120
14/7/2026,64967
15/7/2026,64687
16/7/2026,63803
17/7/2026,63918
18/7/2026,64792
19/7/2026,64673
20/7/2026,65202
21/7/2026,66398
22/7/2026,65972
23/7/2026,65100
24/7/2026,64113
25/7/2026,64327
26/7/2026,65354
27/7/2026,63707
28/7/2026,63782
29/7/2026,63879
30/7/2026,64810
31/7/2026,63058
1/8/2026,62785
2/8/2026,63498
3/8/2026,63451
4/8/2026,64225
5/8/2026,64566
6/8/2026,64183
7/8/2026,64854
8/8/2026,64927
9/8/2026,64870
10/8/2026,63952
11/8/2026,63654
12/8/2026,63349
13/8/2026,63387
14/8/2026,62965
15/8/2026,63043
16/8/2026,62851
17/8/2026,64444
18/8/2026,64709
19/8/2026,69253
20/8/2026,73111
21/8/2026,78394
22/8/2026,77018
23/8/2026,77604
24/8/2026,78927
25/8/2026,78654
26/8/2026,79066
27/8/2026,80280
28/8/2026,77644
29/8/2026,78257
30/8/2026,78647
31/8/2026,78956
1/9/2026,77491
2/9/2026,77152
3/9/2026,81142
4/9/2026,79659
5/9/2026,79797
6/9/2026,80442
7/9/2026,79146
8/9/2026,78447
9/9/2026,78232
10/9/2026,76737
11/9/2026,77168
12/9/2026,77241
13/9/2026,76809
14/9/2026,78266
15/9/2026,75608
16/9/2026,76027
17/9/2026,76419
18/9/2026,80877
19/9/2026,81256
20/9/2026,81210
21/9/2026,86452
22/9/2026,86173
23/9/2026,84416
24/9/2026,84387
25/9/2026,84061
26/9/2026,84384
27/9/2026,84399
28/9/2026,83541
29/9/2026,83806
30/9/2026,83534
1/10/2026,84734
2/10/2026,84551
3/10/2026,84768
4/10/2026,86507
5/10/2026,85736
6/10/2026,85583
7/10/2026,83110
